date,net,cash,holdings,cost_basis,starting_cash,margin,mtm,realized,pnls,liquid_value,commissions,charges,day_pnl,gross_leverage,net_leverage,gross_exposure,net_exposure,long_exposure,short_exposure,longs_count,shorts_count,algo_returns,algo_cum_returns,algo_volatility,drawdown,sharpe,strategy_vol,benchmark,benchmark_returns,alpha,beta
2022-01-03 00:00:00+05:30,10103.0500,10103.0500,0.0000,0.0000,10000.0000,0.0000,0.0000,103.0500,103.0500,10103.0500,0.0000,0.0000,103.0500,0.0000,0.0000,0.0000,0.0000,0.0000,0.0000,0,0,0.0103,0.0103,0.1635,0.0000,,,10000.0000,0.0000,,
2022-01-04 00:00:00+05:30,10241.8200,10241.8200,0.0000,0.0000,10000.0000,0.0000,0.0000,241.8200,241.8200,10241.8200,0.0000,0.0000,138.7700,0.0000,0.0000,0.0000,0.0000,0.0000,0.0000,0,0,0.0137,0.0242,0.1924,0.0000,,,10097.5314,0.0098,,
2022-01-05 00:00:00+05:30,10333.8700,10333.8700,0.0000,0.0000,10000.0000,0.0000,0.0000,333.8700,333.8700,10333.8700,0.0000,0.0000,92.0500,0.0000,0.0000,0.0000,0.0000,0.0000,0.0000,0,0,0.0090,0.0334,0.1774,0.0000,,,10154.4341,0.0056,,
2022-01-06 00:00:00+05:30,10426.6200,10426.6200,0.0000,0.0000,10000.0000,0.0000,0.0000,426.6200,426.6200,10426.6200,0.0000,0.0000,92.7500,0.0000,0.0000,0.0000,0.0000,0.0000,0.0000,0,0,0.0090,0.0427,0.1694,0.0000,,,10062.7433,-0.0090,,
2022-01-07 00:00:00+05:30,10530.2200,10530.2200,0.0000,0.0000,10000.0000,0.0000,0.0000,530.2200,530.2200,10530.2200,0.0000,0.0000,103.6000,0.0000,0.0000,0.0000,0.0000,0.0000,0.0000,0,0,0.0099,0.0530,0.1670,0.0000,,,10103.6838,0.0041,,
2022-01-10 00:00:00+05:30,10619.2400,10619.2400,0.0000,0.0000,10000.0000,0.0000,0.0000,619.2400,619.2400,10619.2400,0.0000,0.0000,89.0200,0.0000,0.0000,0.0000,0.0000,0.0000,0.0000,0,0,0.0085,0.0619,0.1621,0.0000,,,10209.8626,0.0105,,
2022-01-11 00:00:00+05:30,10502.3400,262.3400,10240.0000,10356.9000,10000.0000,0.0000,-116.9000,619.2400,502.3400,10502.3400,0.0000,0.0000,-116.9000,0.9800,0.9800,10240.0000,10240.0000,10240.0000,0.0000,1,0,-0.0110,0.0502,0.1639,-0.0110,,,10240.2277,0.0030,,
2022-01-12 00:00:00+05:30,10701.5300,10701.5300,0.0000,0.0000,10000.0000,0.0000,0.0000,701.5300,701.5300,10701.5300,0.0000,0.0000,199.1900,0.0000,0.0000,0.0000,0.0000,0.0000,0.0000,0,0,0.0190,0.0702,0.1868,0.0000,,,10318.8199,0.0077,,
2022-01-13 00:00:00+05:30,10705.8300,1471.0800,9234.7500,9230.4600,10000.0000,0.0000,4.2900,701.5300,705.8300,10705.8300,0.0000,0.0000,4.3000,0.8600,0.8600,9234.7500,9234.7500,9234.7500,0.0000,1,0,0.0004,0.0706,0.1761,0.0000,,,10352.2754,0.0032,,
2022-01-14 00:00:00+05:30,10823.5300,10823.5300,0.0000,0.0000,10000.0000,0.0000,0.0000,823.5300,823.5300,10823.5300,0.0000,0.0000,117.7000,0.0000,0.0000,0.0000,0.0000,0.0000,0.0000,0,0,0.0110,0.0824,0.1760,0.0000,,,10340.3108,-0.0012,,
2022-01-17 00:00:00+05:30,10908.6400,10908.6400,0.0000,0.0000,10000.0000,0.0000,0.0000,908.6400,908.6400,10908.6400,0.0000,0.0000,85.1100,0.0000,0.0000,0.0000,0.0000,0.0000,0.0000,0,0,0.0079,0.0909,0.1720,0.0000,,,10382.3854,0.0041,,
2022-01-18 00:00:00+05:30,10896.1900,10896.1900,0.0000,0.0000,10000.0000,0.0000,0.0000,896.1900,896.1900,10896.1900,0.0000,0.0000,-12.4500,0.0000,0.0000,0.0000,0.0000,0.0000,0.0000,0,0,-0.0011,0.0896,0.1648,-0.0011,,,10271.3017,-0.0107,,
2022-01-19 00:00:00+05:30,10994.5000,10994.5000,0.0000,0.0000,10000.0000,0.0000,0.0000,994.5000,994.5000,10994.5000,0.0000,0.0000,98.3100,0.0000,0.0000,0.0000,0.0000,0.0000,0.0000,0,0,0.0090,0.0995,0.1632,0.0000,,,10173.5718,-0.0095,,
2022-01-20 00:00:00+05:30,10979.3300,10979.3300,0.0000,0.0000,10000.0000,0.0000,0.0000,979.3300,979.3300,10979.3300,0.0000,0.0000,-15.1700,0.0000,0.0000,0.0000,0.0000,0.0000,0.0000,0,0,-0.0014,0.0979,0.1574,-0.0014,,,10083.6955,-0.0088,,
2022-01-21 00:00:00+05:30,10963.5600,10963.5600,0.0000,0.0000,10000.0000,0.0000,0.0000,963.5600,963.5600,10963.5600,0.0000,0.0000,-15.7700,0.0000,0.0000,0.0000,0.0000,0.0000,0.0000,0,0,-0.0014,0.0964,0.1522,-0.0028,,,10008.5623,-0.0075,,
2022-01-24 00:00:00+05:30,10438.8400,955.2400,9483.6000,10008.3100,10000.0000,0.0000,-524.7100,963.5600,438.8400,10438.8400,0.0000,0.0000,-524.7200,0.9100,0.9100,9483.6000,9483.6000,9483.6000,0.0000,1,0,-0.0479,0.0439,0.2405,-0.0505,,,9703.4933,-0.0305,,
2022-01-25 00:00:00+05:30,10930.2400,955.2400,9975.0000,10008.3100,10000.0000,0.0000,-33.3100,963.5600,930.2400,10930.2400,0.0000,0.0000,491.4000,0.9100,0.9100,9975.0000,9975.0000,9975.0000,0.0000,1,0,0.0471,0.0930,0.2955,-0.0058,,,9791.2999,0.0090,,
2022-01-27 00:00:00+05:30,10924.6400,955.2400,9969.4000,10008.3100,10000.0000,0.0000,-38.9100,963.5600,924.6400,10924.6400,0.0000,0.0000,-5.6000,0.9100,0.9100,9969.4000,9969.4000,9969.4000,0.0000,1,0,-0.0005,0.0925,0.2872,-0.0064,,,9724.3888,-0.0068,,
2022-01-28 00:00:00+05:30,11187.2200,11187.2200,0.0000,0.0000,10000.0000,0.0000,0.0000,1187.2200,1187.2200,11187.2200,0.0000,0.0000,262.5800,0.0000,0.0000,0.0000,0.0000,0.0000,0.0000,0,0,0.0240,0.1187,0.2929,0.0000,,,9700.0343,-0.0025,,
2022-01-31 00:00:00+05:30,11325.5100,11325.5100,0.0000,0.0000,10000.0000,0.0000,0.0000,1325.5100,1325.5100,11325.5100,0.0000,0.0000,138.2900,0.0000,0.0000,0.0000,0.0000,0.0000,0.0000,0,0,0.0124,0.1326,0.2889,0.0000,,,9831.5599,0.0136,,
2022-02-01 00:00:00+05:30,11410.5700,11410.5700,0.0000,0.0000,10000.0000,0.0000,0.0000,1410.5700,1410.5700,11410.5700,0.0000,0.0000,85.0600,0.0000,0.0000,0.0000,0.0000,0.0000,0.0000,0,0,0.0075,0.1411,0.2831,0.0000,,,9982.5918,0.0154,,
2022-02-02 00:00:00+05:30,11488.3200,11488.3200,0.0000,0.0000,10000.0000,0.0000,0.0000,1488.3200,1488.3200,11488.3200,0.0000,0.0000,77.7500,0.0000,0.0000,0.0000,0.0000,0.0000,0.0000,0,0,0.0068,0.1488,0.2775,0.0000,,,10088.6005,0.0106,,
2022-02-03 00:00:00+05:30,11582.0000,11582.0000,0.0000,0.0000,10000.0000,0.0000,0.0000,1582.0000,1582.0000,11582.0000,0.0000,0.0000,93.6800,0.0000,0.0000,0.0000,0.0000,0.0000,0.0000,0,0,0.0082,0.1582,0.2728,0.0000,,,9934.7334,-0.0153,,
2022-02-04 00:00:00+05:30,11681.2200,11681.2200,0.0000,0.0000,10000.0000,0.0000,0.0000,1681.2200,1681.2200,11681.2200,0.0000,0.0000,99.2200,0.0000,0.0000,0.0000,0.0000,0.0000,0.0000,0,0,0.0086,0.1681,0.2685,0.0000,,,9924.9519,-0.0010,,
2022-02-07 00:00:00+05:30,11408.1100,336.1100,11072.0000,11345.1100,10000.0000,0.0000,-273.1100,1681.2200,1408.1100,11408.1100,0.0000,0.0000,-273.1100,0.9700,0.9700,11072.0000,11072.0000,11072.0000,0.0000,1,0,-0.0234,0.1408,0.2734,-0.0234,,,9758.8083,-0.0167,,
2022-02-08 00:00:00+05:30,11328.1100,336.1100,10992.0000,11345.1100,10000.0000,0.0000,-353.1100,1681.2200,1328.1100,11328.1100,0.0000,0.0000,-80.0000,0.9700,0.9700,10992.0000,10992.0000,10992.0000,0.0000,1,0,-0.0070,0.1328,0.2690,-0.0302,,,9776.0181,0.0018,,
2022-02-09 00:00:00+05:30,11704.1100,336.1100,11368.0000,11345.1100,10000.0000,0.0000,22.8900,1681.2200,1704.1100,11704.1100,0.0000,0.0000,376.0000,0.9700,0.9700,11368.0000,11368.0000,11368.0000,0.0000,1,0,0.0332,0.1704,0.2828,0.0000,,,9907.1467,0.0134,,
2022-02-10 00:00:00+05:30,11769.6600,11769.6600,0.0000,0.0000,10000.0000,0.0000,0.0000,1769.6600,1769.6600,11769.6600,0.0000,0.0000,65.5500,0.0000,0.0000,0.0000,0.0000,0.0000,0.0000,0,0,0.0056,0.1770,0.2782,0.0000,,,9972.5551,0.0066,,
2022-02-11 00:00:00+05:30,11657.4600,649.4600,11008.0000,11120.2000,10000.0000,0.0000,-112.2000,1769.6600,1657.4600,11657.4600,0.0000,0.0000,-112.2000,0.9400,0.9400,11008.0000,11008.0000,11008.0000,0.0000,1,0,-0.0095,0.1657,0.2748,-0.0095,,,9835.6710,-0.0137,,
2022-02-14 00:00:00+05:30,11313.4600,649.4600,10664.0000,11120.2000,10000.0000,0.0000,-456.2000,1769.6600,1313.4600,11313.4600,0.0000,0.0000,-344.0000,0.9400,0.9400,10664.0000,10664.0000,10664.0000,0.0000,1,0,-0.0295,0.1313,0.2834,-0.0388,,,9537.4915,-0.0303,,
2022-02-15 00:00:00+05:30,11633.0600,649.4600,10983.6000,11120.2000,10000.0000,0.0000,-136.6000,1769.6600,1633.0600,11633.0600,0.0000,0.0000,319.6000,0.9400,0.9400,10983.6000,10983.6000,10983.6000,0.0000,1,0,0.0282,0.1633,0.2902,-0.0116,,,9839.2433,0.0316,,
2022-02-16 00:00:00+05:30,11558.2600,649.4600,10908.8000,11120.2000,10000.0000,0.0000,-211.4000,1769.6600,1558.2600,11558.2600,0.0000,0.0000,-74.8000,0.9400,0.9400,10908.8000,10908.8000,10908.8000,0.0000,1,0,-0.0064,0.1558,0.2862,-0.0180,,,9805.9012,-0.0034,,
2022-02-17 00:00:00+05:30,11565.0600,649.4600,10915.6000,11120.2000,10000.0000,0.0000,-204.6000,1769.6600,1565.0600,11565.0600,0.0000,0.0000,6.8000,0.9400,0.9400,10915.6000,10915.6000,10915.6000,0.0000,1,0,0.0006,0.1565,0.2818,-0.0174,,,9798.5864,-0.0007,,
2022-02-18 00:00:00+05:30,11401.4600,649.4600,10752.0000,11120.2000,10000.0000,0.0000,-368.2000,1769.6600,1401.4600,11401.4600,0.0000,0.0000,-163.6000,0.9400,0.9400,10752.0000,10752.0000,10752.0000,0.0000,1,0,-0.0141,0.1401,0.2803,-0.0313,,,9792.1221,-0.0007,,
2022-02-21 00:00:00+05:30,11009.4600,649.4600,10360.0000,11120.2000,10000.0000,0.0000,-760.2000,1769.6600,1009.4600,11009.4600,0.0000,0.0000,-392.0000,0.9400,0.9400,10360.0000,10360.0000,10360.0000,0.0000,1,0,-0.0344,0.1009,0.2913,-0.0646,,,9756.3984,-0.0036,,
2022-02-22 00:00:00+05:30,10894.2600,649.4600,10244.8000,11120.2000,10000.0000,0.0000,-875.4000,1769.6600,894.2600,10894.2600,0.0000,0.0000,-115.2000,0.9400,0.9400,10244.8000,10244.8000,10244.8000,0.0000,1,0,-0.0105,0.0894,0.2886,-0.0744,,,9685.4330,-0.0073,,
2022-02-23 00:00:00+05:30,11113.4600,649.4600,10464.0000,11120.2000,10000.0000,0.0000,-656.2000,1769.6600,1113.4600,11113.4600,0.0000,0.0000,219.2000,0.9400,0.9400,10464.0000,10464.0000,10464.0000,0.0000,1,0,0.0201,0.1113,0.2895,-0.0558,,,9670.7465,-0.0015,,
2022-02-24 00:00:00+05:30,10889.4600,649.4600,10240.0000,11120.2000,10000.0000,0.0000,-880.2000,1769.6600,889.4600,10889.4600,0.0000,0.0000,-224.0000,0.9400,0.9400,10240.0000,10240.0000,10240.0000,0.0000,1,0,-0.0202,0.0889,0.2904,-0.0748,,,9196.1600,-0.0491,,
2022-02-25 00:00:00+05:30,11153.4600,649.4600,10504.0000,11120.2000,10000.0000,0.0000,-616.2000,1769.6600,1153.4600,11153.4600,0.0000,0.0000,264.0000,0.9400,0.9400,10504.0000,10504.0000,10504.0000,0.0000,1,0,0.0242,0.1153,0.2932,-0.0524,,,9451.9247,0.0278,,
2022-02-28 00:00:00+05:30,11692.2600,649.4600,11042.8000,11120.2000,10000.0000,0.0000,-77.4000,1769.6600,1692.2600,11692.2600,0.0000,0.0000,538.8000,0.9400,0.9400,11042.8000,11042.8000,11042.8000,0.0000,1,0,0.0483,0.1692,0.3139,-0.0066,,,9520.3384,0.0072,,
2022-03-02 00:00:00+05:30,12022.2000,12022.2000,0.0000,0.0000,10000.0000,0.0000,0.0000,2022.2000,2022.2000,12022.2000,0.0000,0.0000,329.9400,0.0000,0.0000,0.0000,0.0000,0.0000,0.0000,0,0,0.0282,0.2022,0.3178,0.0000,,,9427.5702,-0.0097,,
2022-03-03 00:00:00+05:30,12116.4800,12116.4800,0.0000,0.0000,10000.0000,0.0000,0.0000,2116.4800,2116.4800,12116.4800,0.0000,0.0000,94.2800,0.0000,0.0000,0.0000,0.0000,0.0000,0.0000,0,0,0.0078,0.2116,0.3146,0.0000,,,9361.1695,-0.0070,,
2022-03-04 00:00:00+05:30,12443.7300,12443.7300,0.0000,0.0000,10000.0000,0.0000,0.0000,2443.7300,2443.7300,12443.7300,0.0000,0.0000,327.2500,0.0000,0.0000,0.0000,0.0000,0.0000,0.0000,0,0,0.0270,0.2444,0.3177,0.0000,,,9210.7897,-0.0161,,
2022-03-07 00:00:00+05:30,12620.5400,12620.5400,0.0000,0.0000,10000.0000,0.0000,0.0000,2620.5400,2620.5400,12620.5400,0.0000,0.0000,176.8100,0.0000,0.0000,0.0000,0.0000,0.0000,0.0000,0,0,0.0142,0.2621,0.3159,0.0000,,,9005.2366,-0.0223,,
2022-03-08 00:00:00+05:30,12435.2000,525.0500,11910.1500,12095.4900,10000.0000,0.0000,-185.3400,2620.5400,2435.2000,12435.2000,0.0000,0.0000,-185.3400,0.9600,0.9600,11910.1500,11910.1500,11910.1500,0.0000,1,0,-0.0147,0.2435,0.3143,-0.0147,,,9082.5529,0.0086,,
2022-03-09 00:00:00+05:30,12554.4500,525.0500,12029.4000,12095.4900,10000.0000,0.0000,-66.0900,2620.5400,2554.4500,12554.4500,0.0000,0.0000,119.2500,0.9600,0.9600,12029.4000,12029.4000,12029.4000,0.0000,1,0,0.0096,0.2554,0.3117,-0.0052,,,9280.7344,0.0218,,
2022-03-10 00:00:00+05:30,12679.2300,25008.3300,-12329.1000,-12253.3800,10000.0000,0.0000,-75.7200,2754.9500,2679.2300,12679.2300,0.0000,0.0000,124.7800,0.9700,-0.9700,12329.1000,-12329.1000,0.0000,12329.1000,0,1,0.0099,0.2679,0.3092,0.0000,,,9393.8028,0.0122,,
2022-03-11 00:00:00+05:30,12566.5000,13948.4500,-1381.9500,-1361.4900,10000.0000,0.0000,-20.4600,2586.9600,2566.5000,12566.5000,0.0000,0.0000,-112.7300,0.1100,-0.1100,1381.9500,-1381.9500,0.0000,1381.9500,0,1,-0.0089,0.2567,0.3066,-0.0089,,,9424.5365,0.0033,,
2022-03-14 00:00:00+05:30,12437.8000,2774.3000,9663.5000,9777.3800,10000.0000,0.0000,-113.8800,2551.6800,2437.8000,12437.8000,0.0000,0.0000,-128.7000,0.7800,0.7800,9663.5000,9663.5000,9663.5000,0.0000,1,0,-0.0102,0.2438,0.3043,-0.0190,,,9575.3132,0.0160,,
2022-03-15 00:00:00+05:30,12406.3000,2774.3000,9632.0000,9777.3800,10000.0000,0.0000,-145.3800,2551.6800,2406.3000,12406.3000,0.0000,0.0000,-31.5000,0.7800,0.7800,9632.0000,9632.0000,9632.0000,0.0000,1,0,-0.0025,0.2406,0.3013,-0.0215,,,9438.4291,-0.0143,,
2022-03-16 00:00:00+05:30,12634.0500,12634.0500,0.0000,0.0000,10000.0000,0.0000,0.0000,2634.0500,2634.0500,12634.0500,0.0000,0.0000,227.7500,0.0000,0.0000,0.0000,0.0000,0.0000,0.0000,0,0,0.0184,0.2634,0.3011,-0.0036,,,9620.6483,0.0193,,
2022-03-17 00:00:00+05:30,12401.6300,801.6300,11600.0000,11832.4100,10000.0000,0.0000,-232.4100,2634.0500,2401.6300,12401.6300,0.0000,0.0000,-232.4200,0.9400,0.9400,11600.0000,11600.0000,11600.0000,0.0000,1,0,-0.0184,0.2402,0.3009,-0.0219,,,9809.5019,0.0196,,
2022-03-21 00:00:00+05:30,12361.6300,801.6300,11560.0000,11832.4100,10000.0000,0.0000,-272.4100,2634.0500,2361.6300,12361.6300,0.0000,0.0000,-40.0000,0.9400,0.9400,11560.0000,11560.0000,11560.0000,0.0000,1,0,-0.0032,0.2362,0.2981,-0.0250,,,9704.2871,-0.0107,,
2022-03-22 00:00:00+05:30,12169.6300,801.6300,11368.0000,11832.4100,10000.0000,0.0000,-464.4100,2634.0500,2169.6300,12169.6300,0.0000,0.0000,-192.0000,0.9300,0.9300,11368.0000,11368.0000,11368.0000,0.0000,1,0,-0.0155,0.2170,0.2972,-0.0402,,,9826.7400,0.0126,,
2022-03-23 00:00:00+05:30,12049.6300,801.6300,11248.0000,11832.4100,10000.0000,0.0000,-584.4100,2634.0500,2049.6300,12049.6300,0.0000,0.0000,-120.0000,0.9300,0.9300,11248.0000,11248.0000,11248.0000,0.0000,1,0,-0.0099,0.2050,0.2952,-0.0497,,,9766.4917,-0.0061,,
2022-03-24 00:00:00+05:30,12009.6300,801.6300,11208.0000,11832.4100,10000.0000,0.0000,-624.4100,2634.0500,2009.6300,12009.6300,0.0000,0.0000,-40.0000,0.9300,0.9300,11208.0000,11208.0000,11208.0000,0.0000,1,0,-0.0033,0.2010,0.2926,-0.0528,,,9751.6069,-0.0015,,
2022-03-25 00:00:00+05:30,11933.2300,801.6300,11131.6000,11832.4100,10000.0000,0.0000,-700.8100,2634.0500,1933.2300,11933.2300,0.0000,0.0000,-76.4000,0.9300,0.9300,11131.6000,11131.6000,11131.6000,0.0000,1,0,-0.0064,0.1933,0.2903,-0.0588,,,9740.6346,-0.0011,,
2022-03-28 00:00:00+05:30,12025.6300,801.6300,11224.0000,11832.4100,10000.0000,0.0000,-608.4100,2634.0500,2025.6300,12025.6300,0.0000,0.0000,92.4000,0.9300,0.9300,11224.0000,11224.0000,11224.0000,0.0000,1,0,0.0077,0.2026,0.2882,-0.0515,,,9761.4734,0.0021,,
2022-03-29 00:00:00+05:30,11969.6300,801.6300,11168.0000,11832.4100,10000.0000,0.0000,-664.4100,2634.0500,1969.6300,11969.6300,0.0000,0.0000,-56.0000,0.9300,0.9300,11168.0000,11168.0000,11168.0000,0.0000,1,0,-0.0047,0.1970,0.2859,-0.0560,,,9830.1139,0.0070,,
2022-03-30 00:00:00+05:30,12049.6300,801.6300,11248.0000,11832.4100,10000.0000,0.0000,-584.4100,2634.0500,2049.6300,12049.6300,0.0000,0.0000,80.0000,0.9300,0.9300,11248.0000,11248.0000,11248.0000,0.0000,1,0,0.0067,0.2050,0.2838,-0.0497,2.9237,0.2816,9907.1467,0.0078,,
2022-03-31 00:00:00+05:30,12728.5300,12728.5300,0.0000,0.0000,10000.0000,0.0000,0.0000,2728.5300,2728.5300,12728.5300,0.0000,0.0000,678.9000,0.0000,0.0000,0.0000,0.0000,0.0000,0.0000,0,0,0.0563,0.2729,0.3038,0.0000,3.3707,0.3015,9905.5307,-0.0002,0.004167113905673927,0.5323098499811036
2022-04-01 00:00:00+05:30,12838.2300,12838.2300,0.0000,0.0000,10000.0000,0.0000,0.0000,2838.2300,2838.2300,12838.2300,0.0000,0.0000,109.7000,0.0000,0.0000,0.0000,0.0000,0.0000,0.0000,0,0,0.0086,0.2838,0.3018,0.0000,3.3053,0.3010,10030.0533,0.0126,0.004029881283875462,0.5300367354898597
2022-04-04 00:00:00+05:30,13061.5600,13061.5600,0.0000,0.0000,10000.0000,0.0000,0.0000,3061.5600,3061.5600,13061.5600,0.0000,0.0000,223.3300,0.0000,0.0000,0.0000,0.0000,0.0000,0.0000,0,0,0.0174,0.3062,0.3014,0.0000,3.4102,0.3021,10227.2141,0.0197,0.004004111017615773,0.5312299735777484
2022-04-05 00:00:00+05:30,13043.8200,13043.8200,0.0000,0.0000,10000.0000,0.0000,0.0000,3043.8200,3043.8200,13043.8200,0.0000,0.0000,-17.7400,0.0000,0.0000,0.0000,0.0000,0.0000,0.0000,0,0,-0.0014,0.3044,0.2990,-0.0014,3.2653,0.3021,10167.5045,-0.0058,0.003933512627315018,0.5314493682155667
2022-04-06 00:00:00+05:30,13212.3400,13212.3400,0.0000,0.0000,10000.0000,0.0000,0.0000,3212.3400,3212.3400,13212.3400,0.0000,0.0000,168.5200,0.0000,0.0000,0.0000,0.0000,0.0000,0.0000,0,0,0.0129,0.3212,0.2978,0.0000,3.3035,0.3025,10092.9667,-0.0073,0.003982717412269169,0.5309855425411415
2022-04-07 00:00:00+05:30,13194.2000,13194.2000,0.0000,0.0000,10000.0000,0.0000,0.0000,3194.2000,3194.2000,13194.2000,0.0000,0.0000,-18.1400,0.0000,0.0000,0.0000,0.0000,0.0000,0.0000,0,0,-0.0014,0.3194,0.2955,-0.0014,3.1656,0.3025,10011.2274,-0.0081,0.0039033553836796357,0.5304343591181021
2022-04-08 00:00:00+05:30,13177.4600,13177.4600,0.0000,0.0000,10000.0000,0.0000,0.0000,3177.4600,3177.4600,13177.4600,0.0000,0.0000,-16.7400,0.0000,0.0000,0.0000,0.0000,0.0000,0.0000,0,0,-0.0013,0.3177,0.2933,-0.0026,3.3153,0.3011,10093.5337,0.0082,0.003762098556014172,0.5247788819736153
2022-04-11 00:00:00+05:30,13164.4300,13164.4300,0.0000,0.0000,10000.0000,0.0000,0.0000,3164.4300,3164.4300,13164.4300,0.0000,0.0000,-13.0300,0.0000,0.0000,0.0000,0.0000,0.0000,0.0000,0,0,-0.0010,0.3164,0.2911,-0.0036,3.0514,0.2996,10025.1200,-0.0068,0.00401114777180415,0.5297121705577285
2022-04-12 00:00:00+05:30,13149.6800,13149.6800,0.0000,0.0000,10000.0000,0.0000,0.0000,3149.6800,3149.6800,13149.6800,0.0000,0.0000,-14.7500,0.0000,0.0000,0.0000,0.0000,0.0000,0.0000,0,0,-0.0011,0.3150,0.2890,-0.0047,3.0295,0.2997,9934.5632,-0.0090,0.003823042532772482,0.5226381809950424
2022-04-13 00:00:00+05:30,13132.9500,13132.9500,0.0000,0.0000,10000.0000,0.0000,0.0000,3132.9500,3132.9500,13132.9500,0.0000,0.0000,-16.7300,0.0000,0.0000,0.0000,0.0000,0.0000,0.0000,0,0,-0.0013,0.3133,0.2869,-0.0060,2.8594,0.2995,9904.7935,-0.0030,0.0038500616194319503,0.5249413066223202
2022-04-18 00:00:00+05:30,13116.2900,13116.2900,0.0000,0.0000,10000.0000,0.0000,0.0000,3116.2900,3116.2900,13116.2900,0.0000,0.0000,-16.6600,0.0000,0.0000,0.0000,0.0000,0.0000,0.0000,0,0,-0.0013,0.3116,0.2849,-0.0073,2.7303,0.2995,9745.0859,-0.0161,0.003773874564731466,0.5210717236604839
2022-04-19 00:00:00+05:30,13101.7600,13101.7600,0.0000,0.0000,10000.0000,0.0000,0.0000,3101.7600,3101.7600,13101.7600,0.0000,0.0000,-14.5300,0.0000,0.0000,0.0000,0.0000,0.0000,0.0000,0,0,-0.0011,0.3102,0.2829,-0.0084,2.7303,0.2995,9565.3900,-0.0184,0.003809679460604694,0.5138585636151113
2022-04-20 00:00:00+05:30,12839.9400,1107.9400,11732.0000,11993.8200,10000.0000,0.0000,-261.8200,3101.7600,2839.9400,12839.9400,0.0000,0.0000,-261.8200,0.9100,0.9100,11732.0000,11732.0000,11732.0000,0.0000,1,0,-0.0200,0.2840,0.2834,-0.0282,2.2969,0.3030,9724.5589,0.0166,0.003235606469820537,0.47086928997099387
2022-04-21 00:00:00+05:30,12834.6900,1107.9400,11726.7500,11993.8200,10000.0000,0.0000,-267.0700,3101.7600,2834.6900,12834.6900,0.0000,0.0000,-5.2500,0.9100,0.9100,11726.7500,11726.7500,11726.7500,0.0000,1,0,-0.0004,0.2835,0.2815,-0.0286,2.3111,0.3029,9866.6032,0.0146,0.002893382244343631,0.465976705312659
2022-04-22 00:00:00+05:30,13229.8900,13229.8900,0.0000,0.0000,10000.0000,0.0000,0.0000,3229.8900,3229.8900,13229.8900,0.0000,0.0000,395.2000,0.0000,0.0000,0.0000,0.0000,0.0000,0.0000,0,0,0.0308,0.3230,0.2853,0.0000,2.7106,0.3082,9735.8431,-0.0133,0.0034395906146552258,0.4329244080644669
2022-04-25 00:00:00+05:30,13120.7900,1700.2900,11420.5000,11529.6000,10000.0000,0.0000,-109.1000,3229.8900,3120.7900,13120.7900,0.0000,0.0000,-109.1000,0.8700,0.8700,11420.5000,11420.5000,11420.5000,0.0000,1,0,-0.0082,0.3121,0.2838,-0.0082,3.4529,0.2902,9630.2030,-0.0109,0.003354620755780485,0.43747868157688574
2022-04-26 00:00:00+05:30,13367.0800,13367.0800,0.0000,0.0000,10000.0000,0.0000,0.0000,3367.0800,3367.0800,13367.0800,0.0000,0.0000,246.2900,0.0000,0.0000,0.0000,0.0000,0.0000,0.0000,0,0,0.0188,0.3367,0.2840,0.0000,3.1795,0.2778,9753.9601,0.0129,0.00415289356019726,0.35465076279078983
2022-04-27 00:00:00+05:30,13254.3400,1788.3400,11466.0000,11578.7400,10000.0000,0.0000,-112.7400,3367.0800,3254.3400,13254.3400,0.0000,0.0000,-112.7400,0.8700,0.8700,11466.0000,11466.0000,11466.0000,0.0000,1,0,-0.0084,0.3254,0.2826,-0.0084,3.0496,0.2788,9661.0785,-0.0095,0.003348458554406313,0.3325063992697578
2022-04-28 00:00:00+05:30,13184.3400,1788.3400,11396.0000,11578.7400,10000.0000,0.0000,-182.7400,3367.0800,3184.3400,13184.3400,0.0000,0.0000,-70.0000,0.8600,0.8600,11396.0000,11396.0000,11396.0000,0.0000,1,0,-0.0053,0.3184,0.2810,-0.0137,2.6346,0.2759,9770.9147,0.0114,0.0031727144312938683,0.3206228844759258
2022-04-29 00:00:00+05:30,12938.9900,1788.3400,11150.6500,11578.7400,10000.0000,0.0000,-428.0900,3367.0800,2938.9900,12938.9900,0.0000,0.0000,-245.3500,0.8600,0.8600,11150.6500,11150.6500,11150.6500,0.0000,1,0,-0.0186,0.2939,0.2812,-0.0320,2.1416,0.2787,9703.0113,-0.0069,0.0024960389426371904,0.3359696249530185
2022-05-02 00:00:00+05:30,12813.3400,1788.3400,11025.0000,11578.7400,10000.0000,0.0000,-553.7400,3367.0800,2813.3400,12813.3400,0.0000,0.0000,-125.6500,0.8600,0.8600,11025.0000,11025.0000,11025.0000,0.0000,1,0,-0.0097,0.2813,0.2800,-0.0414,1.8765,0.2796,9676.4170,-0.0027,0.0022229612454751618,0.3324293566516619
2022-05-04 00:00:00+05:30,12876.3400,1788.3400,11088.0000,11578.7400,10000.0000,0.0000,-490.7400,3367.0800,2876.3400,12876.3400,0.0000,0.0000,63.0000,0.8600,0.8600,11088.0000,11088.0000,11088.0000,0.0000,1,0,0.0049,0.2876,0.2784,-0.0367,1.8487,0.2794,9466.6111,-0.0217,0.0023695910138187854,0.31592828295826186
2022-05-05 00:00:00+05:30,12952.2900,1788.3400,11163.9500,11578.7400,10000.0000,0.0000,-414.7900,3367.0800,2952.2900,12952.2900,0.0000,0.0000,75.9500,0.8600,0.8600,11163.9500,11163.9500,11163.9500,0.0000,1,0,0.0059,0.2952,0.2769,-0.0310,1.8152,0.2793,9452.1515,-0.0015,0.0024166175323455216,0.3147569752796201
2022-05-06 00:00:00+05:30,12862.3400,1788.3400,11074.0000,11578.7400,10000.0000,0.0000,-504.7400,3367.0800,2862.3400,12862.3400,0.0000,0.0000,-89.9500,0.8600,0.8600,11074.0000,11074.0000,11074.0000,0.0000,1,0,-0.0069,0.2862,0.2755,-0.0378,1.5807,0.2795,9321.1929,-0.0139,0.0021780598917155317,0.33195589056702496
2022-05-09 00:00:00+05:30,12729.3400,1788.3400,10941.0000,11578.7400,10000.0000,0.0000,-637.7400,3367.0800,2729.3400,12729.3400,0.0000,0.0000,-133.0000,0.8600,0.8600,10941.0000,10941.0000,10941.0000,0.0000,1,0,-0.0103,0.2729,0.2744,-0.0477,1.8019,0.2757,9247.5624,-0.0079,0.001911471223375889,0.3372828624332696
2022-05-10 00:00:00+05:30,12617.3400,1788.3400,10829.0000,11578.7400,10000.0000,0.0000,-749.7400,3367.0800,2617.3400,12617.3400,0.0000,0.0000,-112.0000,0.8600,0.8600,10829.0000,10829.0000,10829.0000,0.0000,1,0,-0.0088,0.2617,0.2732,-0.0561,1.7727,0.2760,9190.4896,-0.0062,0.002073385539254532,0.3157328715378577
2022-05-11 00:00:00+05:30,12675.0900,1788.3400,10886.7500,11578.7400,10000.0000,0.0000,-691.9900,3367.0800,2675.0900,12675.0900,0.0000,0.0000,57.7500,0.8600,0.8600,10886.7500,10886.7500,10886.7500,0.0000,1,0,0.0046,0.2675,0.2717,-0.0518,1.3760,0.2683,9187.3708,-0.0003,0.0022764606441055815,0.3179458338953645
2022-05-12 00:00:00+05:30,12425.8900,1788.3400,10637.5500,11578.7400,10000.0000,0.0000,-941.1900,3367.0800,2425.8900,12425.8900,0.0000,0.0000,-249.2000,0.8600,0.8600,10637.5500,10637.5500,10637.5500,0.0000,1,0,-0.0197,0.2426,0.2722,-0.0704,0.9680,0.2716,8974.2761,-0.0232,0.0015902658939498712,0.3114890552454379
2022-05-13 00:00:00+05:30,12287.9900,1788.3400,10499.6500,11578.7400,10000.0000,0.0000,-1079.0900,3367.0800,2287.9900,12287.9900,0.0000,0.0000,-137.9000,0.8500,0.8500,10499.6500,10499.6500,10499.6500,0.0000,1,0,-0.0111,0.2288,0.2713,-0.0807,0.9422,0.2719,8940.6505,-0.0037,0.0013703571504070338,0.31209157061615755
2022-05-16 00:00:00+05:30,13050.2900,1788.3400,11261.9500,11578.7400,10000.0000,0.0000,-316.7900,3367.0800,3050.2900,13050.2900,0.0000,0.0000,762.3000,0.8600,0.8600,11261.9500,11261.9500,11261.9500,0.0000,1,0,0.0620,0.3050,0.2890,-0.0237,2.1937,0.2920,8995.8521,0.0062,0.0024800289138591273,0.3410408329650082
2022-05-17 00:00:00+05:30,13493.0700,13493.0700,0.0000,0.0000,10000.0000,0.0000,0.0000,3493.0700,3493.0700,13493.0700,0.0000,0.0000,442.7800,0.0000,0.0000,0.0000,0.0000,0.0000,0.0000,0,0,0.0339,0.3493,0.2929,0.0000,2.2575,0.2943,9231.7136,0.0262,0.0032016242486196914,0.33717900492837144
2022-05-18 00:00:00+05:30,13648.3600,13648.3600,0.0000,0.0000,10000.0000,0.0000,0.0000,3648.3600,3648.3600,13648.3600,0.0000,0.0000,155.2900,0.0000,0.0000,0.0000,0.0000,0.0000,0.0000,0,0,0.0115,0.3648,0.2919,0.0000,2.5134,0.2943,9218.1045,-0.0015,0.0030701128524294376,0.2953830068202412
2022-05-19 00:00:00+05:30,13770.6900,13770.6900,0.0000,0.0000,10000.0000,0.0000,0.0000,3770.6900,3770.6900,13770.6900,0.0000,0.0000,122.3300,0.0000,0.0000,0.0000,0.0000,0.0000,0.0000,0,0,0.0090,0.3771,0.2907,0.0000,2.6314,0.2945,8975.7504,-0.0263,0.003392783485956012,0.2652635863978232
2022-05-20 00:00:00+05:30,13912.3400,13912.3400,0.0000,0.0000,10000.0000,0.0000,0.0000,3912.3400,3912.3400,13912.3400,0.0000,0.0000,141.6500,0.0000,0.0000,0.0000,0.0000,0.0000,0.0000,0,0,0.0103,0.3912,0.2896,0.0000,2.9981,0.2926,9231.9687,0.0285,0.00342311376901713,0.26376003901839484
2022-05-23 00:00:00+05:30,14079.2400,14079.2400,0.0000,0.0000,10000.0000,0.0000,0.0000,4079.2400,4079.2400,14079.2400,0.0000,0.0000,166.9000,0.0000,0.0000,0.0000,0.0000,0.0000,0.0000,0,0,0.0120,0.4079,0.2887,0.0000,3.7988,0.2823,9181.3602,-0.0055,0.0038688394346254457,0.2606079084917361
2022-05-24 00:00:00+05:30,14061.6800,14061.6800,0.0000,0.0000,10000.0000,0.0000,0.0000,4061.6800,4061.6800,14061.6800,0.0000,0.0000,-17.5600,0.0000,0.0000,0.0000,0.0000,0.0000,0.0000,0,0,-0.0012,0.4062,0.2872,-0.0012,3.9574,0.2808,9151.7889,-0.0032,0.0044045551635990485,0.25347964572021
2022-05-25 00:00:00+05:30,14209.6300,14209.6300,0.0000,0.0000,10000.0000,0.0000,0.0000,4209.6300,4209.6300,14209.6300,0.0000,0.0000,147.9500,0.0000,0.0000,0.0000,0.0000,0.0000,0.0000,0,0,0.0105,0.4210,0.2862,0.0000,3.8357,0.2792,9094.1206,-0.0063,0.004735780647398703,0.24377376438004003
2022-05-26 00:00:00+05:30,14299.3500,1874.3500,12425.0000,12335.2800,10000.0000,0.0000,89.7200,4209.6300,4299.3500,14299.3500,0.0000,0.0000,89.7200,0.8700,0.8700,12425.0000,12425.0000,12425.0000,0.0000,1,0,0.0063,0.4299,0.2849,0.0000,4.3063,0.2745,9186.9739,0.0102,0.004462812074030363,0.24394230981479006
2022-05-27 00:00:00+05:30,14594.9000,14594.9000,0.0000,0.0000,10000.0000,0.0000,0.0000,4594.9000,4594.9000,14594.9000,0.0000,0.0000,295.5500,0.0000,0.0000,0.0000,0.0000,0.0000,0.0000,0,0,0.0207,0.4595,0.2854,0.0000,4.2679,0.2736,9274.6104,0.0095,0.0049094608905461065,0.19728646518178874
2022-05-30 00:00:00+05:30,14700.2300,14700.2300,0.0000,0.0000,10000.0000,0.0000,0.0000,4700.2300,4700.2300,14700.2300,0.0000,0.0000,105.3300,0.0000,0.0000,0.0000,0.0000,0.0000,0.0000,0,0,0.0072,0.4700,0.2842,0.0000,3.8552,0.2581,9451.5845,0.0191,0.0046623475670031595,0.1571243804872655
2022-05-31 00:00:00+05:30,14828.7000,14828.7000,0.0000,0.0000,10000.0000,0.0000,0.0000,4828.7000,4828.7000,14828.7000,0.0000,0.0000,128.4700,0.0000,0.0000,0.0000,0.0000,0.0000,0.0000,0,0,0.0087,0.4829,0.2831,0.0000,3.6046,0.2533,9400.5790,-0.0054,0.004041596438612176,0.12393594469143948
2022-06-01 00:00:00+05:30,14811.3000,14811.3000,0.0000,0.0000,10000.0000,0.0000,0.0000,4811.3000,4811.3000,14811.3000,0.0000,0.0000,-17.4000,0.0000,0.0000,0.0000,0.0000,0.0000,0.0000,0,0,-0.0012,0.4811,0.2817,-0.0012,3.4548,0.2533,9379.3432,-0.0023,0.0035444539558147554,0.14947655327894274
2022-06-02 00:00:00+05:30,14794.8300,14794.8300,0.0000,0.0000,10000.0000,0.0000,0.0000,4794.8300,4794.8300,14794.8300,0.0000,0.0000,-16.4700,0.0000,0.0000,0.0000,0.0000,0.0000,0.0000,0,0,-0.0011,0.4795,0.2803,-0.0023,3.0448,0.2487,9434.1195,0.0058,0.003366827844042434,0.1502132543642586
2022-06-03 00:00:00+05:30,14775.5300,14775.5300,0.0000,0.0000,10000.0000,0.0000,0.0000,4775.5300,4775.5300,14775.5300,0.0000,0.0000,-19.3000,0.0000,0.0000,0.0000,0.0000,0.0000,0.0000,0,0,-0.0013,0.4776,0.2790,-0.0036,2.7938,0.2478,9404.1230,-0.0032,0.002852143419737314,0.1953794322860004
2022-06-06 00:00:00+05:30,14756.5800,14756.5800,0.0000,0.0000,10000.0000,0.0000,0.0000,4756.5800,4756.5800,14756.5800,0.0000,0.0000,-18.9500,0.0000,0.0000,0.0000,0.0000,0.0000,0.0000,0,0,-0.0013,0.4757,0.2777,-0.0049,3.0520,0.2452,9392.3001,-0.0013,0.0025001251640294907,0.23513524965161092
2022-06-07 00:00:00+05:30,14740.2200,14740.2200,0.0000,0.0000,10000.0000,0.0000,0.0000,4740.2200,4740.2200,14740.2200,0.0000,0.0000,-16.3600,0.0000,0.0000,0.0000,0.0000,0.0000,0.0000,0,0,-0.0011,0.4740,0.2764,-0.0060,2.8717,0.2450,9302.2537,-0.0096,0.0027846414871178747,0.2532485533392897
2022-06-08 00:00:00+05:30,14723.2000,14723.2000,0.0000,0.0000,10000.0000,0.0000,0.0000,4723.2000,4723.2000,14723.2000,0.0000,0.0000,-17.0200,0.0000,0.0000,0.0000,0.0000,0.0000,0.0000,0,0,-0.0012,0.4723,0.2751,-0.0071,2.6849,0.2447,9262.8726,-0.0042,0.0027158290428788774,0.25149505422965274
2022-06-09 00:00:00+05:30,14859.4200,14859.4200,0.0000,0.0000,10000.0000,0.0000,0.0000,4859.4200,4859.4200,14859.4200,0.0000,0.0000,136.2200,0.0000,0.0000,0.0000,0.0000,0.0000,0.0000,0,0,0.0093,0.4859,0.2742,0.0000,3.0074,0.2438,9345.8877,0.0090,0.002719257983129796,0.2502080511041458
2022-06-10 00:00:00+05:30,14986.9600,14986.9600,0.0000,0.0000,10000.0000,0.0000,0.0000,4986.9600,4986.9600,14986.9600,0.0000,0.0000,127.5400,0.0000,0.0000,0.0000,0.0000,0.0000,0.0000,0,0,0.0086,0.4987,0.2733,0.0000,3.3487,0.2426,9181.2468,-0.0176,0.003086690375570776,0.2357084278750624
2022-06-13 00:00:00+05:30,14884.6400,1900.3400,12984.3000,13086.6200,10000.0000,0.0000,-102.3200,4986.9600,4884.6400,14884.6400,0.0000,0.0000,-102.3200,0.8700,0.8700,12984.3000,12984.3000,12984.3000,0.0000,1,0,-0.0068,0.4885,0.2722,-0.0068,3.2663,0.2432,8959.8165,-0.0241,0.0033390653579142317,0.27686074333082733
2022-06-14 00:00:00+05:30,15104.3100,15104.3100,0.0000,0.0000,10000.0000,0.0000,0.0000,5104.3100,5104.3100,15104.3100,0.0000,0.0000,219.6700,0.0000,0.0000,0.0000,0.0000,0.0000,0.0000,0,0,0.0148,0.5104,0.2719,0.0000,3.2154,0.2423,8926.3610,-0.0037,0.0035691558455866836,0.2702047227687601
2022-06-15 00:00:00+05:30,14851.0100,1845.0100,13006.0000,13259.3000,10000.0000,0.0000,-253.3000,5104.3100,4851.0100,14851.0100,0.0000,0.0000,-253.3000,0.8800,0.8800,13006.0000,13006.0000,13006.0000,0.0000,1,0,-0.0168,0.4851,0.2719,-0.0168,3.2510,0.2417,8896.2793,-0.0034,0.003071282865152704,0.2526283510192083
2022-06-16 00:00:00+05:30,14413.5100,1845.0100,12568.5000,13259.3000,10000.0000,0.0000,-690.8000,5104.3100,4413.5100,14413.5100,0.0000,0.0000,-437.5000,0.8700,0.8700,12568.5000,12568.5000,12568.5000,0.0000,1,0,-0.0295,0.4414,0.2743,-0.0457,2.6960,0.2505,8703.0878,-0.0217,0.003298064692214378,0.378437136401062
2022-06-17 00:00:00+05:30,15387.6500,15387.6500,0.0000,0.0000,10000.0000,0.0000,0.0000,5387.6500,5387.6500,15387.6500,0.0000,0.0000,974.1400,0.0000,0.0000,0.0000,0.0000,0.0000,0.0000,0,0,0.0676,0.5388,0.2910,0.0000,3.6480,0.2808,8695.9431,-0.0008,0.00440450153559689,0.3826269815444213
2022-06-20 00:00:00+05:30,13911.0000,1843.7000,12067.3000,13543.9500,10000.0000,0.0000,-1476.6500,5387.6500,3911.0000,13911.0000,0.0000,0.0000,-1476.6500,0.8700,0.8700,12067.3000,12067.3000,12067.3000,0.0000,1,0,-0.0960,0.3911,0.3227,-0.0960,1.9112,0.3468,8714.8256,0.0022,0.003138591432438913,0.37642304967337076
2022-06-21 00:00:00+05:30,14478.7000,1843.7000,12635.0000,13543.9500,10000.0000,0.0000,-908.9500,5387.6500,4478.7000,14478.7000,0.0000,0.0000,567.7000,0.8700,0.8700,12635.0000,12635.0000,12635.0000,0.0000,1,0,0.0408,0.4479,0.3269,-0.0591,2.3871,0.3552,8865.2337,0.0173,0.003916883595419412,0.4368717520928617
2022-06-22 00:00:00+05:30,14324.7000,1843.7000,12481.0000,13543.9500,10000.0000,0.0000,-1062.9500,5387.6500,4324.7000,14324.7000,0.0000,0.0000,-154.0000,0.8700,0.8700,12481.0000,12481.0000,12481.0000,0.0000,1,0,-0.0106,0.4325,0.3259,-0.0691,2.3335,0.3558,8733.0844,-0.0149,0.003913539981509159,0.44869462685887146
2022-06-23 00:00:00+05:30,14268.3500,1843.7000,12424.6500,13543.9500,10000.0000,0.0000,-1119.3000,5387.6500,4268.3500,14268.3500,0.0000,0.0000,-56.3500,0.8700,0.8700,12424.6500,12424.6500,12424.6500,0.0000,1,0,-0.0039,0.4268,0.3246,-0.0727,2.1955,0.3560,8833.1391,0.0115,0.0038347377227701215,0.4308523168164107
2022-06-24 00:00:00+05:30,14393.3000,1843.7000,12549.6000,13543.9500,10000.0000,0.0000,-994.3500,5387.6500,4393.3000,14393.3000,0.0000,0.0000,124.9500,0.8700,0.8700,12549.6000,12549.6000,12549.6000,0.0000,1,0,0.0088,0.4393,0.3235,-0.0646,2.3560,0.3558,8901.9781,0.0078,0.003813502949015639,0.43131735571818075
2022-06-27 00:00:00+05:30,14506.7000,1843.7000,12663.0000,13543.9500,10000.0000,0.0000,-880.9500,5387.6500,4506.7000,14506.7000,0.0000,0.0000,113.4000,0.8700,0.8700,12663.0000,12663.0000,12663.0000,0.0000,1,0,0.0079,0.4507,0.3224,-0.0573,2.3698,0.3559,8979.7481,0.0087,0.004023206767444337,0.44212814187780025
2022-06-28 00:00:00+05:30,14428.3000,1843.7000,12584.6000,13543.9500,10000.0000,0.0000,-959.3500,5387.6500,4428.3000,14428.3000,0.0000,0.0000,-78.4000,0.8700,0.8700,12584.6000,12584.6000,12584.6000,0.0000,1,0,-0.0054,0.4428,0.3212,-0.0623,1.7248,0.3387,9001.6643,0.0024,0.003858460041614615,0.43845105418091157
2022-06-29 00:00:00+05:30,14317.0000,1843.7000,12473.3000,13543.9500,10000.0000,0.0000,-1070.6500,5387.6500,4317.0000,14317.0000,0.0000,0.0000,-111.3000,0.8700,0.8700,12473.3000,12473.3000,12473.3000,0.0000,1,0,-0.0077,0.4317,0.3201,-0.0696,1.5211,0.3391,8950.0350,-0.0057,0.002842964039294716,0.43443471444179377
2022-06-30 00:00:00+05:30,14198.7000,1843.7000,12355.0000,13543.9500,10000.0000,0.0000,-1188.9500,5387.6500,4198.7000,14198.7000,0.0000,0.0000,-118.3000,0.8700,0.8700,12355.0000,12355.0000,12355.0000,0.0000,1,0,-0.0083,0.4199,0.3190,-0.0773,1.2059,0.3382,8922.9304,-0.0030,0.0026785181802878614,0.4352524817079143
2022-07-01 00:00:00+05:30,14005.5000,1843.7000,12161.8000,13543.9500,10000.0000,0.0000,-1382.1500,5387.6500,4005.5000,14005.5000,0.0000,0.0000,-193.2000,0.8700,0.8700,12161.8000,12161.8000,12161.8000,0.0000,1,0,-0.0136,0.4005,0.3183,-0.0898,1.0501,0.3396,8938.8643,0.0018,0.0022478906398492307,0.41185084676496436
2022-07-04 00:00:00+05:30,14338.3500,1843.7000,12494.6500,13543.9500,10000.0000,0.0000,-1049.3000,5387.6500,4338.3500,14338.3500,0.0000,0.0000,332.8500,0.8700,0.8700,12494.6500,12494.6500,12494.6500,0.0000,1,0,0.0238,0.4338,0.3188,-0.0682,1.1769,0.3419,8975.8071,0.0041,0.0026202788025789883,0.4253447375520629
2022-07-05 00:00:00+05:30,14163.3500,1843.7000,12319.6500,13543.9500,10000.0000,0.0000,-1224.3000,5387.6500,4163.3500,14163.3500,0.0000,0.0000,-175.0000,0.8700,0.8700,12319.6500,12319.6500,12319.6500,0.0000,1,0,-0.0122,0.4163,0.3180,-0.0796,1.0408,0.3430,8959.2495,-0.0018,0.0021864198558393336,0.43378275644052355
2022-07-06 00:00:00+05:30,14072.7000,1843.7000,12229.0000,13543.9500,10000.0000,0.0000,-1314.9500,5387.6500,4072.7000,14072.7000,0.0000,0.0000,-90.6500,0.8700,0.8700,12229.0000,12229.0000,12229.0000,0.0000,1,0,-0.0064,0.4073,0.3169,-0.0855,0.9774,0.3433,9077.2511,0.0132,0.0019163973044466886,0.4097640251983176
2022-07-07 00:00:00+05:30,13925.0000,1843.7000,12081.3000,13543.9500,10000.0000,0.0000,-1462.6500,5387.6500,3925.0000,13925.0000,0.0000,0.0000,-147.7000,0.8700,0.8700,12081.3000,12081.3000,12081.3000,0.0000,1,0,-0.0105,0.3925,0.3160,-0.0951,0.8591,0.3442,9151.4487,0.0082,0.0017503772718157045,0.3996413232308872
2022-07-08 00:00:00+05:30,14023.7000,1843.7000,12180.0000,13543.9500,10000.0000,0.0000,-1363.9500,5387.6500,4023.7000,14023.7000,0.0000,0.0000,98.7000,0.8700,0.8700,12180.0000,12180.0000,12180.0000,0.0000,1,0,0.0071,0.4024,0.3149,-0.0886,0.9587,0.3443,9196.0182,0.0049,0.001810046756214788,0.40202245592336316
2022-07-11 00:00:00+05:30,14058.7000,1843.7000,12215.0000,13543.9500,10000.0000,0.0000,-1328.9500,5387.6500,4058.7000,14058.7000,0.0000,0.0000,35.0000,0.8700,0.8700,12215.0000,12215.0000,12215.0000,0.0000,1,0,0.0025,0.4059,0.3137,-0.0864,1.0052,0.3443,9185.5563,-0.0011,0.0018178249472916397,0.4026790118713353
2022-07-12 00:00:00+05:30,14030.3500,1843.7000,12186.6500,13543.9500,10000.0000,0.0000,-1357.3000,5387.6500,4030.3500,14030.3500,0.0000,0.0000,-28.3500,0.8700,0.8700,12186.6500,12186.6500,12186.6500,0.0000,1,0,-0.0020,0.4030,0.3125,-0.0882,0.9965,0.3443,9094.0923,-0.0100,0.00185156874514607,0.4021280367828913
2022-07-13 00:00:00+05:30,13918.3500,1843.7000,12074.6500,13543.9500,10000.0000,0.0000,-1469.3000,5387.6500,3918.3500,13918.3500,0.0000,0.0000,-112.0000,0.8700,0.8700,12074.6500,12074.6500,12074.6500,0.0000,1,0,-0.0080,0.3918,0.3115,-0.0955,0.9111,0.3448,9058.9356,-0.0039,0.0016704618862785968,0.4106016427302822
2022-07-14 00:00:00+05:30,13953.7000,1843.7000,12110.0000,13543.9500,10000.0000,0.0000,-1433.9500,5387.6500,3953.7000,13953.7000,0.0000,0.0000,35.3500,0.8700,0.8700,12110.0000,12110.0000,12110.0000,0.0000,1,0,0.0025,0.3954,0.3103,-0.0932,1.1950,0.3420,9043.1718,-0.0017,0.0016256214469009987,0.4206366526671157
2022-07-15 00:00:00+05:30,13918.7000,1843.7000,12075.0000,13543.9500,10000.0000,0.0000,-1468.9500,5387.6500,3918.7000,13918.7000,0.0000,0.0000,-35.0000,0.8700,0.8700,12075.0000,12075.0000,12075.0000,0.0000,1,0,-0.0025,0.3919,0.3092,-0.0955,1.1689,0.3421,9102.6546,0.0066,0.002039314414303283,0.47709605237867064
2022-07-18 00:00:00+05:30,14296.7000,1843.7000,12453.0000,13543.9500,10000.0000,0.0000,-1090.9500,5387.6500,4296.7000,14296.7000,0.0000,0.0000,378.0000,0.8700,0.8700,12453.0000,12453.0000,12453.0000,0.0000,1,0,0.0272,0.4297,0.3103,-0.0709,1.1288,0.3408,9232.2523,0.0142,0.002549221316537479,0.5304241396404322
2022-07-19 00:00:00+05:30,14634.1000,1843.7000,12790.4000,13543.9500,10000.0000,0.0000,-753.5500,5387.6500,4634.1000,14634.1000,0.0000,0.0000,337.4000,0.8700,0.8700,12790.4000,12790.4000,12790.4000,0.0000,1,0,0.0236,0.4634,0.3108,-0.0490,1.5103,0.3432,9259.4136,0.0029,0.0023397095750916923,0.5955554273283652
2022-07-20 00:00:00+05:30,14618.7000,1843.7000,12775.0000,13543.9500,10000.0000,0.0000,-768.9500,5387.6500,4618.7000,14618.7000,0.0000,0.0000,-15.4000,0.8700,0.8700,12775.0000,12775.0000,12775.0000,0.0000,1,0,-0.0011,0.4619,0.3097,-0.0500,1.2731,0.3414,9353.8263,0.0102,0.0022431109737948655,0.5773624325441745
2022-07-21 00:00:00+05:30,14758.7000,1843.7000,12915.0000,13543.9500,10000.0000,0.0000,-628.9500,5387.6500,4758.7000,14758.7000,0.0000,0.0000,140.0000,0.8800,0.8800,12915.0000,12915.0000,12915.0000,0.0000,1,0,0.0096,0.4759,0.3088,-0.0409,1.4958,0.3412,9418.4692,0.0069,0.002142136306403764,0.5648555698664596
2022-07-22 00:00:00+05:30,14940.7000,1843.7000,13097.0000,13543.9500,10000.0000,0.0000,-446.9500,5387.6500,4940.7000,14940.7000,0.0000,0.0000,182.0000,0.8800,0.8800,13097.0000,13097.0000,13097.0000,0.0000,1,0,0.0123,0.4941,0.3081,-0.0290,1.7110,0.3414,9477.7251,0.0063,0.0023348933230434767,0.564251234570252
2022-07-25 00:00:00+05:30,15157.7000,1843.7000,13314.0000,13543.9500,10000.0000,0.0000,-229.9500,5387.6500,5157.7000,15157.7000,0.0000,0.0000,217.0000,0.8800,0.8800,13314.0000,13314.0000,13314.0000,0.0000,1,0,0.0145,0.5158,0.3076,-0.0149,2.1302,0.3395,9418.6109,-0.0062,0.0028278566162444323,0.5744794988149611
2022-07-26 00:00:00+05:30,15017.0000,1843.7000,13173.3000,13543.9500,10000.0000,0.0000,-370.6500,5387.6500,5017.0000,15017.0000,0.0000,0.0000,-140.7000,0.8800,0.8800,13173.3000,13173.3000,13173.3000,0.0000,1,0,-0.0093,0.5017,0.3068,-0.0241,2.1355,0.3395,9337.2403,-0.0086,0.002992265511966275,0.5674881462092514
2022-07-27 00:00:00+05:30,15416.7000,1843.7000,13573.0000,13543.9500,10000.0000,0.0000,29.0500,5387.6500,5416.7000,15416.7000,0.0000,0.0000,399.7000,0.8800,0.8800,13573.0000,13573.0000,13573.0000,0.0000,1,0,0.0266,0.5417,0.3078,0.0000,2.3798,0.3429,9437.1532,0.0107,0.0034697608170147997,0.5890045979300697
2022-07-28 00:00:00+05:30,15576.3200,15576.3200,0.0000,0.0000,10000.0000,0.0000,0.0000,5576.3200,5576.3200,15576.3200,0.0000,0.0000,159.6200,0.0000,0.0000,0.0000,0.0000,0.0000,0.0000,0,0,0.0104,0.5576,0.3070,0.0000,2.4330,0.3432,9595.5283,0.0168,0.003178660423516458,0.6237373947095319
2022-07-29 00:00:00+05:30,15558.8800,15558.8800,0.0000,0.0000,10000.0000,0.0000,0.0000,5558.8800,5558.8800,15558.8800,0.0000,0.0000,-17.4400,0.0000,0.0000,0.0000,0.0000,0.0000,0.0000,0,0,-0.0011,0.5559,0.3059,-0.0011,2.5079,0.3426,9729.2937,0.0139,0.002917267121433166,0.6022990558951856
2022-08-01 00:00:00+05:30,15539.9700,15539.9700,0.0000,0.0000,10000.0000,0.0000,0.0000,5539.9700,5539.9700,15539.9700,0.0000,0.0000,-18.9100,0.0000,0.0000,0.0000,0.0000,0.0000,0.0000,0,0,-0.0012,0.5540,0.3048,-0.0023,2.6275,0.3416,9827.7040,0.0101,0.002788123134615226,0.5871609451693351
2022-08-02 00:00:00+05:30,15520.0600,15520.0600,0.0000,0.0000,10000.0000,0.0000,0.0000,5520.0600,5520.0600,15520.0600,0.0000,0.0000,-19.9100,0.0000,0.0000,0.0000,0.0000,0.0000,0.0000,0,0,-0.0013,0.5520,0.3038,-0.0036,2.7262,0.3408,9806.9219,-0.0021,0.002888995012794952,0.5783716256105284
2022-08-03 00:00:00+05:30,15498.3100,15498.3100,0.0000,0.0000,10000.0000,0.0000,0.0000,5498.3100,5498.3100,15498.3100,0.0000,0.0000,-21.7500,0.0000,0.0000,0.0000,0.0000,0.0000,0.0000,0,0,-0.0014,0.5498,0.3028,-0.0050,2.6511,0.3409,9862.5204,0.0057,0.0029132063569678604,0.565930511319658
2022-08-04 00:00:00+05:30,15478.1500,15478.1500,0.0000,0.0000,10000.0000,0.0000,0.0000,5478.1500,5478.1500,15478.1500,0.0000,0.0000,-20.1600,0.0000,0.0000,0.0000,0.0000,0.0000,0.0000,0,0,-0.0013,0.5478,0.3018,-0.0063,2.9058,0.3376,9846.1329,-0.0017,0.0028268062116007697,0.5675554061069711
2022-08-05 00:00:00+05:30,15504.5200,1449.2200,14055.3000,14028.9400,10000.0000,0.0000,26.3600,5478.1500,5504.5200,15504.5200,0.0000,0.0000,26.3700,0.9100,0.9100,14055.3000,14055.3000,14055.3000,0.0000,1,0,0.0017,0.5505,0.3008,-0.0046,3.0779,0.3362,9860.3373,0.0014,0.003001968904001436,0.5341070348855137
2022-08-08 00:00:00+05:30,15826.0800,15826.0800,0.0000,0.0000,10000.0000,0.0000,0.0000,5826.0800,5826.0800,15826.0800,0.0000,0.0000,321.5600,0.0000,0.0000,0.0000,0.0000,0.0000,0.0000,0,0,0.0207,0.5826,0.3010,0.0000,2.7270,0.3159,9939.0429,0.0080,0.0034164255267864195,0.5364250140316102
2022-08-10 00:00:00+05:30,15808.0200,15808.0200,0.0000,0.0000,10000.0000,0.0000,0.0000,5808.0200,5808.0200,15808.0200,0.0000,0.0000,-18.0600,0.0000,0.0000,0.0000,0.0000,0.0000,0.0000,0,0,-0.0011,0.5808,0.3000,-0.0011,2.3080,0.3095,9936.7180,-0.0002,0.002496746674307317,0.5018469940242717
2022-08-11 00:00:00+05:30,15788.1700,15788.1700,0.0000,0.0000,10000.0000,0.0000,0.0000,5788.1700,5788.1700,15788.1700,0.0000,0.0000,-19.8500,0.0000,0.0000,0.0000,0.0000,0.0000,0.0000,0,0,-0.0013,0.5788,0.2990,-0.0024,2.1372,0.3091,10001.8712,0.0066,0.0021870955384722677,0.42453943605174316
2022-08-12 00:00:00+05:30,15771.2200,15771.2200,0.0000,0.0000,10000.0000,0.0000,0.0000,5771.2200,5771.2200,15771.2200,0.0000,0.0000,-16.9500,0.0000,0.0000,0.0000,0.0000,0.0000,0.0000,0,0,-0.0011,0.5771,0.2980,-0.0035,2.0012,0.3089,10035.8938,0.0034,0.001942090526226247,0.4276601890267508
2022-08-16 00:00:00+05:30,15754.5700,15754.5700,0.0000,0.0000,10000.0000,0.0000,0.0000,5754.5700,5754.5700,15754.5700,0.0000,0.0000,-16.6500,0.0000,0.0000,0.0000,0.0000,0.0000,0.0000,0,0,-0.0011,0.5755,0.2970,-0.0045,1.8484,0.3086,10109.4109,0.0073,0.0013673953766645702,0.5144903478267866
2022-08-17 00:00:00+05:30,15737.4700,15737.4700,0.0000,0.0000,10000.0000,0.0000,0.0000,5737.4700,5737.4700,15737.4700,0.0000,0.0000,-17.1000,0.0000,0.0000,0.0000,0.0000,0.0000,0.0000,0,0,-0.0011,0.5737,0.2960,-0.0056,1.6733,0.3080,10166.5405,0.0057,0.0013293442805102993,0.5417774019763963
2022-08-18 00:00:00+05:30,15719.1000,15719.1000,0.0000,0.0000,10000.0000,0.0000,0.0000,5719.1000,5719.1000,15719.1000,0.0000,0.0000,-18.3700,0.0000,0.0000,0.0000,0.0000,0.0000,0.0000,0,0,-0.0012,0.5719,0.2951,-0.0068,1.6733,0.3080,10186.6138,0.0020,0.0010114427806859534,0.5620043633433376
2022-08-19 00:00:00+05:30,15701.7100,15701.7100,0.0000,0.0000,10000.0000,0.0000,0.0000,5701.7100,5701.7100,15701.7100,0.0000,0.0000,-17.3900,0.0000,0.0000,0.0000,0.0000,0.0000,0.0000,0,0,-0.0011,0.5702,0.2942,-0.0079,1.5173,0.3075,10052.6499,-0.0132,0.001129643957837002,0.5461513691592373
2022-08-22 00:00:00+05:30,15683.8400,15683.8400,0.0000,0.0000,10000.0000,0.0000,0.0000,5683.8400,5683.8400,15683.8400,0.0000,0.0000,-17.8700,0.0000,0.0000,0.0000,0.0000,0.0000,0.0000,0,0,-0.0011,0.5684,0.2933,-0.0090,1.4166,0.3075,9920.0470,-0.0132,0.000993620495380852,0.5512877520695187
2022-08-23 00:00:00+05:30,15821.6600,2306.0600,13515.6000,13377.7700,10000.0000,0.0000,137.8300,5683.8400,5821.6600,15821.6600,0.0000,0.0000,137.8200,0.8500,0.8500,13515.6000,13515.6000,13515.6000,0.0000,1,0,0.0088,0.5822,0.2926,-0.0003,1.2630,0.3053,9994.4430,0.0075,0.0010521398302152723,0.5561761043422314
2022-08-24 00:00:00+05:30,15578.5500,2258.5500,13320.0000,13511.3500,10000.0000,0.0000,-191.3500,5769.8900,5578.5500,15578.5500,0.0000,0.0000,-243.1100,0.8600,0.8600,13320.0000,13320.0000,13320.0000,0.0000,1,0,-0.0154,0.5579,0.2923,-0.0156,0.9467,0.3070,9984.2362,-0.0010,0.0005770038855085844,0.5398858225999751
2022-08-25 00:00:00+05:30,15563.8500,2258.5500,13305.3000,13511.3500,10000.0000,0.0000,-206.0500,5769.8900,5563.8500,15563.8500,0.0000,0.0000,-14.7000,0.8500,0.8500,13305.3000,13305.3000,13305.3000,0.0000,1,0,-0.0009,0.5564,0.2914,-0.0166,0.8164,0.3066,9927.9005,-0.0056,0.0006530140465864386,0.5517387536091218
2022-08-26 00:00:00+05:30,15930.6500,15930.6500,0.0000,0.0000,10000.0000,0.0000,0.0000,5930.6500,5930.6500,15930.6500,0.0000,0.0000,366.8000,0.0000,0.0000,0.0000,0.0000,0.0000,0.0000,0,0,0.0236,0.5931,0.2920,0.0000,1.1433,0.3100,9970.2586,0.0043,0.0007808887527412049,0.5806033941400397
2022-08-29 00:00:00+05:30,16249.1500,16249.1500,0.0000,0.0000,10000.0000,0.0000,0.0000,6249.1500,6249.1500,16249.1500,0.0000,0.0000,318.5000,0.0000,0.0000,0.0000,0.0000,0.0000,0.0000,0,0,0.0200,0.6249,0.2922,0.0000,1.4187,0.3123,9832.0135,-0.0139,0.0013046613879681187,0.49981347213897503
2022-08-30 00:00:00+05:30,16230.0400,16230.0400,0.0000,0.0000,10000.0000,0.0000,0.0000,6230.0400,6230.0400,16230.0400,0.0000,0.0000,-19.1100,0.0000,0.0000,0.0000,0.0000,0.0000,0.0000,0,0,-0.0012,0.6230,0.2913,-0.0012,1.4201,0.3123,10061.7226,0.0234,0.0012180456784778634,0.4465955780336408
2022-09-01 00:00:00+05:30,16210.7400,16210.7400,0.0000,0.0000,10000.0000,0.0000,0.0000,6210.7400,6210.7400,16210.7400,0.0000,0.0000,-19.3000,0.0000,0.0000,0.0000,0.0000,0.0000,0.0000,0,0,-0.0012,0.6211,0.2904,-0.0024,1.4214,0.3123,9959.1162,-0.0102,0.0012761085856288516,0.44148248326607403
2022-09-02 00:00:00+05:30,16192.7300,16192.7300,0.0000,0.0000,10000.0000,0.0000,0.0000,6192.7300,6192.7300,16192.7300,0.0000,0.0000,-18.0100,0.0000,0.0000,0.0000,0.0000,0.0000,0.0000,0,0,-0.0011,0.6193,0.2895,-0.0035,1.4214,0.3123,9939.0429,-0.0020,0.0012848874750659676,0.4414706427727639
2022-09-05 00:00:00+05:30,16173.9900,16173.9900,0.0000,0.0000,10000.0000,0.0000,0.0000,6173.9900,6173.9900,16173.9900,0.0000,0.0000,-18.7400,0.0000,0.0000,0.0000,0.0000,0.0000,0.0000,0,0,-0.0012,0.6174,0.2886,-0.0046,1.4214,0.3123,10010.5186,0.0072,0.001164911512828439,0.4389927114799482
2022-09-06 00:00:00+05:30,16156.3500,16156.3500,0.0000,0.0000,10000.0000,0.0000,0.0000,6156.3500,6156.3500,16156.3500,0.0000,0.0000,-17.6400,0.0000,0.0000,0.0000,0.0000,0.0000,0.0000,0,0,-0.0011,0.6156,0.2877,-0.0057,1.2830,0.3120,10009.2144,-0.0001,0.001136929475683187,0.4390627180875967
2022-09-07 00:00:00+05:30,16138.7800,16138.7800,0.0000,0.0000,10000.0000,0.0000,0.0000,6138.7800,6138.7800,16138.7800,0.0000,0.0000,-17.5700,0.0000,0.0000,0.0000,0.0000,0.0000,0.0000,0,0,-0.0011,0.6139,0.2869,-0.0068,1.1535,0.3117,9996.6828,-0.0013,0.0010461087934151934,0.4337063690027295
2022-09-08 00:00:00+05:30,16119.3100,16119.3100,0.0000,0.0000,10000.0000,0.0000,0.0000,6119.3100,6119.3100,16119.3100,0.0000,0.0000,-19.4700,0.0000,0.0000,0.0000,0.0000,0.0000,0.0000,0,0,-0.0012,0.6119,0.2861,-0.0080,1.2306,0.3113,10093.4203,0.0097,0.000616630774016679,0.4805527124102338
2022-09-09 00:00:00+05:30,16099.0300,16099.0300,0.0000,0.0000,10000.0000,0.0000,0.0000,6099.0300,6099.0300,16099.0300,0.0000,0.0000,-20.2800,0.0000,0.0000,0.0000,0.0000,0.0000,0.0000,0,0,-0.0013,0.6099,0.2853,-0.0092,1.0173,0.3101,10109.9780,0.0016,0.00045391892826502364,0.5053041519220669
2022-09-12 00:00:00+05:30,16081.2800,16081.2800,0.0000,0.0000,10000.0000,0.0000,0.0000,6081.2800,6081.2800,16081.2800,0.0000,0.0000,-17.7500,0.0000,0.0000,0.0000,0.0000,0.0000,0.0000,0,0,-0.0011,0.6081,0.2845,-0.0103,1.2389,0.3078,10167.9865,0.0057,7.551427632075387e-05,0.5233797188068702
2022-09-13 00:00:00+05:30,16061.6500,16061.6500,0.0000,0.0000,10000.0000,0.0000,0.0000,6061.6500,6061.6500,16061.6500,0.0000,0.0000,-19.6300,0.0000,0.0000,0.0000,0.0000,0.0000,0.0000,0,0,-0.0012,0.6062,0.2837,-0.0115,1.6617,0.3010,10244.4805,0.0075,0.0002981082794391004,0.4977357280318272
2022-09-14 00:00:00+05:30,16043.6400,16043.6400,0.0000,0.0000,10000.0000,0.0000,0.0000,6043.6400,6043.6400,16043.6400,0.0000,0.0000,-18.0100,0.0000,0.0000,0.0000,0.0000,0.0000,0.0000,0,0,-0.0011,0.6044,0.2829,-0.0126,0.7892,0.2682,10207.1408,-0.0036,0.0009342715463760204,0.3776465786418171
2022-09-15 00:00:00+05:30,16023.9900,16023.9900,0.0000,0.0000,10000.0000,0.0000,0.0000,6023.9900,6023.9900,16023.9900,0.0000,0.0000,-19.6500,0.0000,0.0000,0.0000,0.0000,0.0000,0.0000,0,0,-0.0012,0.6024,0.2821,-0.0139,3.4492,0.1768,10134.3608,-0.0071,-0.0002960356574499976,0.4332464045439565
2022-09-16 00:00:00+05:30,16004.4300,16004.4300,0.0000,0.0000,10000.0000,0.0000,0.0000,6004.4300,6004.4300,16004.4300,0.0000,0.0000,-19.5600,0.0000,0.0000,0.0000,0.0000,0.0000,0.0000,0,0,-0.0012,0.6004,0.2813,-0.0151,2.7468,0.1578,9951.6596,-0.0180,0.001474361098936363,0.4003463571869926
2022-09-19 00:00:00+05:30,15801.7100,909.7100,14892.0000,15094.7200,10000.0000,0.0000,-202.7200,6004.4300,5801.7100,15801.7100,0.0000,0.0000,-202.7200,0.9400,0.9400,14892.0000,14892.0000,14892.0000,0.0000,1,0,-0.0127,0.5802,0.2809,-0.0275,2.6781,0.1586,9998.0153,0.0047,0.0009396525402393371,0.2709947352869932
2022-09-20 00:00:00+05:30,15699.4100,909.7100,14789.7000,15094.7200,10000.0000,0.0000,-305.0200,6004.4300,5699.4100,15699.4100,0.0000,0.0000,-102.3000,0.9400,0.9400,14789.7000,14789.7000,14789.7000,0.0000,1,0,-0.0065,0.5699,0.2802,-0.0338,2.6013,0.1590,10089.1958,0.0091,0.0010208629217762803,0.22071197697545183
2022-09-21 00:00:00+05:30,15699.7100,909.7100,14790.0000,15094.7200,10000.0000,0.0000,-304.7200,6004.4300,5699.7100,15699.7100,0.0000,0.0000,0.3000,0.9400,0.9400,14790.0000,14790.0000,14790.0000,0.0000,1,0,0.0000,0.5700,0.2794,-0.0338,2.3790,0.1584,10047.2063,-0.0042,0.0011024308780272145,0.2388366745188933
2022-09-22 00:00:00+05:30,15849.4100,909.7100,14939.7000,15094.7200,10000.0000,0.0000,-155.0200,6004.4300,5849.4100,15849.4100,0.0000,0.0000,149.7000,0.9400,0.9400,14939.7000,14939.7000,14939.7000,0.0000,1,0,0.0095,0.5849,0.2788,-0.0246,2.4167,0.1587,10000.3402,-0.0047,0.0012112611290620253,0.21380748945669423
2022-09-23 00:00:00+05:30,15525.7100,909.7100,14616.0000,15094.7200,10000.0000,0.0000,-478.7200,6004.4300,5525.7100,15525.7100,0.0000,0.0000,-323.7000,0.9400,0.9400,14616.0000,14616.0000,14616.0000,0.0000,1,0,-0.0204,0.5526,0.2791,-0.0445,1.9499,0.1643,9828.1293,-0.0172,0.000729272975620958,0.2857609514623042
2022-09-26 00:00:00+05:30,14889.7100,909.7100,13980.0000,15094.7200,10000.0000,0.0000,-1114.7200,6004.4300,4889.7100,14889.7100,0.0000,0.0000,-636.0000,0.9400,0.9400,13980.0000,13980.0000,13980.0000,0.0000,1,0,-0.0410,0.4890,0.2825,-0.0837,0.9763,0.1850,9655.5214,-0.0176,5.716379086001728e-05,0.43921292050972965
2022-09-27 00:00:00+05:30,14625.7100,909.7100,13716.0000,15094.7200,10000.0000,0.0000,-1378.7200,6004.4300,4625.7100,14625.7100,0.0000,0.0000,-264.0000,0.9400,0.9400,13716.0000,13716.0000,13716.0000,0.0000,1,0,-0.0177,0.4626,0.2825,-0.0999,0.7510,0.1879,9662.9497,0.0008,-0.0001457364033245596,0.433130796244782
2022-09-28 00:00:00+05:30,14616.7100,909.7100,13707.0000,15094.7200,10000.0000,0.0000,-1387.7200,6004.4300,4616.7100,14616.7100,0.0000,0.0000,-9.0000,0.9400,0.9400,13707.0000,13707.0000,13707.0000,0.0000,1,0,-0.0006,0.4617,0.2817,-0.1005,1.0545,0.1856,9541.1489,-0.0126,7.219894894034746e-05,0.41228046464495477
2022-09-29 00:00:00+05:30,14829.7100,909.7100,13920.0000,15094.7200,10000.0000,0.0000,-1174.7200,6004.4300,4829.7100,14829.7100,0.0000,0.0000,213.0000,0.9400,0.9400,13920.0000,13920.0000,13920.0000,0.0000,1,0,0.0146,0.4830,0.2815,-0.0874,0.8647,0.1817,9550.6469,0.0010,0.0005379757316249515,0.41393456251502475
2022-09-30 00:00:00+05:30,15039.7100,909.7100,14130.0000,15094.7200,10000.0000,0.0000,-964.7200,6004.4300,5039.7100,15039.7100,0.0000,0.0000,210.0000,0.9400,0.9400,14130.0000,14130.0000,14130.0000,0.0000,1,0,0.0142,0.5040,0.2812,-0.0744,1.4743,0.1817,9700.5163,0.0157,0.00029074585079709914,0.4226237127419891
2022-10-03 00:00:00+05:30,14678.5100,909.7100,13768.8000,15094.7200,10000.0000,0.0000,-1325.9200,6004.4300,4678.5100,14678.5100,0.0000,0.0000,-361.2000,0.9400,0.9400,13768.8000,13768.8000,13768.8000,0.0000,1,0,-0.0240,0.4679,0.2818,-0.0967,1.0305,0.1883,9569.4160,-0.0135,0.00012569435383564392,0.46936976015791765
2022-10-04 00:00:00+05:30,15088.0100,909.7100,14178.3000,15094.7200,10000.0000,0.0000,-916.4200,6004.4300,5088.0100,15088.0100,0.0000,0.0000,409.5000,0.9400,0.9400,14178.3000,14178.3000,14178.3000,0.0000,1,0,0.0279,0.5088,0.2829,-0.0715,1.8239,0.1948,9797.0553,0.0238,0.00048133598270856497,0.5657629041636967
2022-10-06 00:00:00+05:30,15765.7100,909.7100,14856.0000,15094.7200,10000.0000,0.0000,-238.7200,6004.4300,5765.7100,15765.7100,0.0000,0.0000,677.7000,0.9400,0.9400,14856.0000,14856.0000,14856.0000,0.0000,1,0,0.0449,0.5766,0.2869,-0.0298,2.4024,0.2140,9819.0850,0.0022,0.0014102237749288307,0.5943370256607309
2022-10-07 00:00:00+05:30,15659.2100,909.7100,14749.5000,15094.7200,10000.0000,0.0000,-345.2200,6004.4300,5659.2100,15659.2100,0.0000,0.0000,-106.5000,0.9400,0.9400,14749.5000,14749.5000,14749.5000,0.0000,1,0,-0.0068,0.5659,0.2863,-0.0363,2.2120,0.2147,9818.9999,-0.0000,0.0012301469285079779,0.5941083568949752
2022-10-10 00:00:00+05:30,15429.7100,909.7100,14520.0000,15094.7200,10000.0000,0.0000,-574.7200,6004.4300,5429.7100,15429.7100,0.0000,0.0000,-229.5000,0.9400,0.9400,14520.0000,14520.0000,14520.0000,0.0000,1,0,-0.0147,0.5430,0.2860,-0.0504,1.9406,0.2173,9782.8793,-0.0037,0.0009590208296302098,0.6070141676213512
2022-10-11 00:00:00+05:30,15097.9100,909.7100,14188.2000,15094.7200,10000.0000,0.0000,-906.5200,6004.4300,5097.9100,15097.9100,0.0000,0.0000,-331.8000,0.9400,0.9400,14188.2000,14188.2000,14188.2000,0.0000,1,0,-0.0215,0.5098,0.2863,-0.0708,1.6472,0.2216,9619.4008,-0.0167,0.0006630921482346665,0.6519631864879767
2022-10-12 00:00:00+05:30,15081.7100,909.7100,14172.0000,15094.7200,10000.0000,0.0000,-922.7200,6004.4300,5081.7100,15081.7100,0.0000,0.0000,-16.2000,0.9400,0.9400,14172.0000,14172.0000,14172.0000,0.0000,1,0,-0.0011,0.5082,0.2856,-0.0718,1.5786,0.2216,9712.9062,0.0097,0.000652109082133762,0.6342154426849085
2022-10-13 00:00:00+05:30,15043.3100,909.7100,14133.6000,15094.7200,10000.0000,0.0000,-961.1200,6004.4300,5043.3100,15043.3100,0.0000,0.0000,-38.4000,0.9400,0.9400,14133.6000,14133.6000,14133.6000,0.0000,1,0,-0.0025,0.5043,0.2849,-0.0742,1.5786,0.2216,9649.8227,-0.0065,0.0006193688570832385,0.6344018956132493
2022-10-14 00:00:00+05:30,14952.7100,909.7100,14043.0000,15094.7200,10000.0000,0.0000,-1051.7200,6004.4300,4952.7100,14952.7100,0.0000,0.0000,-90.6000,0.9400,0.9400,14043.0000,14043.0000,14043.0000,0.0000,1,0,-0.0060,0.4953,0.2843,-0.0798,0.9766,0.2155,9753.3363,0.0107,0.0005370390065677765,0.6189731125673535
2022-10-17 00:00:00+05:30,15099.7100,909.7100,14190.0000,15094.7200,10000.0000,0.0000,-904.7200,6004.4300,5099.7100,15099.7100,0.0000,0.0000,147.0000,0.9400,0.9400,14190.0000,14190.0000,14190.0000,0.0000,1,0,0.0098,0.5100,0.2838,-0.0707,0.7224,0.2111,9821.4949,0.0070,0.0003642356241789226,0.5823173697294424
2022-10-18 00:00:00+05:30,15807.7100,909.7100,14898.0000,15094.7200,10000.0000,0.0000,-196.7200,6004.4300,5807.7100,15807.7100,0.0000,0.0000,708.0000,0.9400,0.9400,14898.0000,14898.0000,14898.0000,0.0000,1,0,0.0469,0.5808,0.2880,-0.0272,1.5304,0.2313,9917.9205,0.0098,0.0006156488854689328,0.6376341950485995
2022-10-19 00:00:00+05:30,16170.4000,16170.4000,0.0000,0.0000,10000.0000,0.0000,0.0000,6170.4000,6170.4000,16170.4000,0.0000,0.0000,362.6900,0.0000,0.0000,0.0000,0.0000,0.0000,0.0000,0,0,0.0229,0.6170,0.2884,-0.0048,1.7448,0.2349,9933.9395,0.0016,0.0010826442681383223,0.6532676421842867
2022-10-20 00:00:00+05:30,16318.4000,16318.4000,0.0000,0.0000,10000.0000,0.0000,0.0000,6318.4000,6318.4000,16318.4000,0.0000,0.0000,148.0000,0.0000,0.0000,0.0000,0.0000,0.0000,0.0000,0,0,0.0092,0.6318,0.2879,0.0000,1.6931,0.2344,9960.2503,0.0026,0.001123985213695055,0.6509287433587834
2022-10-21 00:00:00+05:30,15942.7700,1536.7700,14406.0000,14781.6300,10000.0000,0.0000,-375.6300,6318.4000,5942.7700,15942.7700,0.0000,0.0000,-375.6300,0.9000,0.9000,14406.0000,14406.0000,14406.0000,0.0000,1,0,-0.0230,0.5943,0.2883,-0.0230,1.0052,0.2382,9970.7406,0.0011,0.0006079466579947877,0.6432298498293865
2022-10-25 00:00:00+05:30,16472.5300,16472.5300,0.0000,0.0000,10000.0000,0.0000,0.0000,6472.5300,6472.5300,16472.5300,0.0000,0.0000,529.7600,0.0000,0.0000,0.0000,0.0000,0.0000,0.0000,0,0,0.0332,0.6473,0.2900,0.0000,1.6978,0.2461,10002.7785,0.0032,0.0007779408669783795,0.6789954508369609
2022-10-27 00:00:00+05:30,16460.5500,1366.6500,15093.9000,15105.8700,10000.0000,0.0000,-11.9700,6472.5300,6460.5500,16460.5500,0.0000,0.0000,-11.9800,0.9200,0.9200,15093.9000,15093.9000,15093.9000,0.0000,1,0,-0.0007,0.6461,0.2893,-0.0007,1.2602,0.2406,10070.0582,0.0067,0.0007655339500853668,0.66525376223594
2022-10-28 00:00:00+05:30,16498.6500,1366.6500,15132.0000,15105.8700,10000.0000,0.0000,26.1300,6472.5300,6498.6500,16498.6500,0.0000,0.0000,38.1000,0.9200,0.9200,15132.0000,15132.0000,15132.0000,0.0000,1,0,0.0023,0.6499,0.2886,0.0000,1.1224,0.2399,10091.0671,0.0021,0.0004993229431780761,0.6318202431970192
2022-10-31 00:00:00+05:30,16595.9900,16595.9900,0.0000,0.0000,10000.0000,0.0000,0.0000,6595.9900,6595.9900,16595.9900,0.0000,0.0000,97.3400,0.0000,0.0000,0.0000,0.0000,0.0000,0.0000,0,0,0.0059,0.6596,0.2880,0.0000,1.2441,0.2400,10215.6748,0.0123,0.0004747603313590505,0.628750965036925
2022-11-01 00:00:00+05:30,16610.7100,1424.7100,15186.0000,15171.2800,10000.0000,0.0000,14.7200,6595.9900,6610.7100,16610.7100,0.0000,0.0000,14.7200,0.9100,0.9100,15186.0000,15186.0000,15186.0000,0.0000,1,0,0.0009,0.6611,0.2873,0.0000,1.2811,0.2400,10287.7176,0.0071,0.0005579237521020026,0.6502981573903914
2022-11-02 00:00:00+05:30,16364.4100,1424.7100,14939.7000,15171.2800,10000.0000,0.0000,-231.5800,6595.9900,6364.4100,16364.4100,0.0000,0.0000,-246.3000,0.9100,0.9100,14939.7000,14939.7000,14939.7000,0.0000,1,0,-0.0148,0.6364,0.2871,-0.0148,1.0354,0.2422,10247.6560,-0.0039,0.0004644389928742807,0.6776240519408611
2022-11-03 00:00:00+05:30,16763.3300,16763.3300,0.0000,0.0000,10000.0000,0.0000,0.0000,6763.3300,6763.3300,16763.3300,0.0000,0.0000,398.9200,0.0000,0.0000,0.0000,0.0000,0.0000,0.0000,0,0,0.0244,0.6763,0.2877,0.0000,1.4550,0.2468,10234.0186,-0.0013,0.0008847546460617714,0.6672069012087141
2022-11-04 00:00:00+05:30,16815.6800,1461.6800,15354.0000,15301.6400,10000.0000,0.0000,52.3600,6763.3300,6815.6800,16815.6800,0.0000,0.0000,52.3500,0.9100,0.9100,15354.0000,15354.0000,15354.0000,0.0000,1,0,0.0031,0.6816,0.2870,0.0000,1.5301,0.2468,10279.2970,0.0044,0.0009682263582827294,0.6726473786446614
2022-11-07 00:00:00+05:30,16886.8900,16886.8900,0.0000,0.0000,10000.0000,0.0000,0.0000,6886.8900,6886.8900,16886.8900,0.0000,0.0000,71.2100,0.0000,0.0000,0.0000,0.0000,0.0000,0.0000,0,0,0.0042,0.6887,0.2863,0.0000,1.5723,0.2468,10322.0804,0.0042,0.0009944002276970803,0.6723679891292188
2022-11-09 00:00:00+05:30,16382.3000,1388.3000,14994.0000,15498.5900,10000.0000,0.0000,-504.5900,6886.8900,6382.3000,16382.3000,0.0000,0.0000,-504.5900,0.9200,0.9200,14994.0000,14994.0000,14994.0000,0.0000,1,0,-0.0299,0.6382,0.2875,-0.0299,0.6973,0.2518,10275.4127,-0.0045,0.0005213454379623416,0.7012943545144174
2022-11-10 00:00:00+05:30,16013.3000,1388.3000,14625.0000,15498.5900,10000.0000,0.0000,-873.5900,6886.8900,6013.3000,16013.3000,0.0000,0.0000,-369.0000,0.9100,0.9100,14625.0000,14625.0000,14625.0000,0.0000,1,0,-0.0225,0.6013,0.2879,-0.0517,0.3344,0.2562,10227.6394,-0.0046,-4.092453265507523e-05,0.6999053665554795
2022-11-11 00:00:00+05:30,16292.3000,1388.3000,14904.0000,15498.5900,10000.0000,0.0000,-594.5900,6886.8900,6292.3000,16292.3000,0.0000,0.0000,279.0000,0.9100,0.9100,14904.0000,14904.0000,14904.0000,0.0000,1,0,0.0174,0.6292,0.2878,-0.0352,0.6351,0.2586,10408.2425,0.0177,4.4242677091757554e-05,0.7158516717246993
2022-11-14 00:00:00+05:30,16304.3000,1388.3000,14916.0000,15498.5900,10000.0000,0.0000,-582.5900,6886.8900,6304.3000,16304.3000,0.0000,0.0000,12.0000,0.9100,0.9100,14916.0000,14916.0000,14916.0000,0.0000,1,0,0.0007,0.6304,0.2871,-0.0345,0.6644,0.2585,10388.3677,-0.0019,0.00017256393866255608,0.7215963950567652
2022-11-15 00:00:00+05:30,16526.9000,1388.3000,15138.6000,15498.5900,10000.0000,0.0000,-359.9900,6886.8900,6526.9000,16526.9000,0.0000,0.0000,222.6000,0.9200,0.9200,15138.6000,15138.6000,15138.6000,0.0000,1,0,0.0137,0.6527,0.2868,-0.0213,0.9002,0.2599,10445.8091,0.0055,0.00038260667205094144,0.7321828497522329
2022-11-16 00:00:00+05:30,17045.1500,17045.1500,0.0000,0.0000,10000.0000,0.0000,0.0000,7045.1500,7045.1500,17045.1500,0.0000,0.0000,518.2500,0.0000,0.0000,0.0000,0.0000,0.0000,0.0000,0,0,0.0314,0.7045,0.2881,0.0000,1.3863,0.2672,10436.3395,-0.0009,0.0010142379628196735,0.7321188529358049
2022-11-17 00:00:00+05:30,16800.8300,744.5300,16056.3000,16300.6200,10000.0000,0.0000,-244.3200,7045.1500,6800.8300,16800.8300,0.0000,0.0000,-244.3200,0.9600,0.9600,16056.3000,16056.3000,16056.3000,0.0000,1,0,-0.0143,0.6801,0.2878,-0.0143,1.1720,0.2691,10396.1362,-0.0039,0.0009052020688560022,0.7484964067473955
2022-11-18 00:00:00+05:30,16452.2300,744.5300,15707.7000,16300.6200,10000.0000,0.0000,-592.9200,7045.1500,6452.2300,16452.2300,0.0000,0.0000,-348.6000,0.9500,0.9500,15707.7000,15707.7000,15707.7000,0.0000,1,0,-0.0207,0.6452,0.2880,-0.0348,0.8544,0.2728,10379.3517,-0.0016,0.0006265069298756203,0.7572329938543623
2022-11-21 00:00:00+05:30,16656.5300,744.5300,15912.0000,16300.6200,10000.0000,0.0000,-388.6200,7045.1500,6656.5300,16656.5300,0.0000,0.0000,204.3000,0.9600,0.9600,15912.0000,15912.0000,15912.0000,0.0000,1,0,0.0124,0.6657,0.2876,-0.0228,1.0584,0.2738,10296.3366,-0.0080,0.0007871110582100516,0.7497387710991834
2022-11-22 00:00:00+05:30,17080.1300,744.5300,16335.6000,16300.6200,10000.0000,0.0000,34.9800,7045.1500,7080.1300,17080.1300,0.0000,0.0000,423.6000,0.9600,0.9600,16335.6000,16335.6000,16335.6000,0.0000,1,0,0.0254,0.7080,0.2882,0.0000,1.2939,0.2779,10349.3835,0.0052,0.0009660409271125812,0.7905910809062503
2022-11-23 00:00:00+05:30,17026.7300,744.5300,16282.2000,16300.6200,10000.0000,0.0000,-18.4200,7045.1500,7026.7300,17026.7300,0.0000,0.0000,-53.4000,0.9600,0.9600,16282.2000,16282.2000,16282.2000,0.0000,1,0,-0.0031,0.7027,0.2876,-0.0031,1.4908,0.2758,10350.8578,0.0001,0.0008677017567403653,0.7883291486989438
2022-11-24 00:00:00+05:30,17227.4400,17227.4400,0.0000,0.0000,10000.0000,0.0000,0.0000,7227.4400,7227.4400,17227.4400,0.0000,0.0000,200.7100,0.0000,0.0000,0.0000,0.0000,0.0000,0.0000,0,0,0.0118,0.7227,0.2872,0.0000,1.6797,0.2765,10496.4461,0.0141,0.0011239051828429852,0.7822147121343032
2022-11-25 00:00:00+05:30,17103.1600,732.1600,16371.0000,16495.2800,10000.0000,0.0000,-124.2800,7227.4400,7103.1600,17103.1600,0.0000,0.0000,-124.2800,0.9600,0.9600,16371.0000,16371.0000,16371.0000,0.0000,1,0,-0.0072,0.7103,0.2867,-0.0072,1.2260,0.2734,10489.3864,-0.0007,0.0009516098003648154,0.7878169244188234
2022-11-28 00:00:00+05:30,17316.1600,732.1600,16584.0000,16495.2800,10000.0000,0.0000,88.7200,7227.4400,7316.1600,17316.1600,0.0000,0.0000,213.0000,0.9600,0.9600,16584.0000,16584.0000,16584.0000,0.0000,1,0,0.0125,0.7316,0.2864,0.0000,1.1180,0.2716,10520.5737,0.0030,0.0007946757962601502,0.77878758154296
2022-11-29 00:00:00+05:30,17206.0600,732.1600,16473.9000,16495.2800,10000.0000,0.0000,-21.3800,7227.4400,7206.0600,17206.0600,0.0000,0.0000,-110.1000,0.9600,0.9600,16473.9000,16473.9000,16473.9000,0.0000,1,0,-0.0064,0.7206,0.2858,-0.0064,1.0360,0.2720,10549.0393,0.0027,4.213005654157983e-05,0.8693867280622594
2022-11-30 00:00:00+05:30,17262.1600,732.1600,16530.0000,16495.2800,10000.0000,0.0000,34.7200,7227.4400,7262.1600,17262.1600,0.0000,0.0000,56.1000,0.9600,0.9600,16530.0000,16530.0000,16530.0000,0.0000,1,0,0.0033,0.7262,0.2852,-0.0031,1.1055,0.2720,10647.3362,0.0093,0.00021925061373824148,0.9698376326016698
2022-12-01 00:00:00+05:30,17246.5600,732.1600,16514.4000,16495.2800,10000.0000,0.0000,19.1200,7227.4400,7246.5600,17246.5600,0.0000,0.0000,-15.6000,0.9600,0.9600,16514.4000,16514.4000,16514.4000,0.0000,1,0,-0.0009,0.7247,0.2846,-0.0040,1.1086,0.2720,10660.9452,0.0013,1.589668890473626e-05,0.9922476661173367
2022-12-02 00:00:00+05:30,17462.5900,17462.5900,0.0000,0.0000,10000.0000,0.0000,0.0000,7462.5900,7462.5900,17462.5900,0.0000,0.0000,216.0300,0.0000,0.0000,0.0000,0.0000,0.0000,0.0000,0,0,0.0125,0.7463,0.2843,0.0000,1.3156,0.2729,10606.6508,-0.0051,0.00031599226486232887,0.9676571358913928
2022-12-05 00:00:00+05:30,17484.7000,834.7000,16650.0000,16627.8800,10000.0000,0.0000,22.1200,7462.5900,7484.7000,17484.7000,0.0000,0.0000,22.1100,0.9500,0.9500,16650.0000,16650.0000,16650.0000,0.0000,1,0,0.0013,0.7485,0.2837,0.0000,1.3528,0.2729,10600.3283,-0.0006,0.00046905261247408585,0.9794219581551349
2022-12-06 00:00:00+05:30,17660.6500,17660.6500,0.0000,0.0000,10000.0000,0.0000,0.0000,7660.6500,7660.6500,17660.6500,0.0000,0.0000,175.9500,0.0000,0.0000,0.0000,0.0000,0.0000,0.0000,0,0,0.0101,0.7661,0.2833,0.0000,1.5223,0.2734,10574.1026,-0.0025,0.0006996078370825988,0.9694628455785509
2022-12-07 00:00:00+05:30,17413.9900,1058.2900,16355.7000,16602.3600,10000.0000,0.0000,-246.6600,7660.6500,7413.9900,17413.9900,0.0000,0.0000,-246.6600,0.9400,0.9400,16355.7000,16355.7000,16355.7000,0.0000,1,0,-0.0140,0.7414,0.2831,-0.0140,1.3169,0.2752,10519.6381,-0.0052,0.0005385330891115838,0.9827271413524113
2022-12-08 00:00:00+05:30,17589.1900,1058.2900,16530.9000,16602.3600,10000.0000,0.0000,-71.4600,7660.6500,7589.1900,17589.1900,0.0000,0.0000,175.2000,0.9400,0.9400,16530.9000,16530.9000,16530.9000,0.0000,1,0,0.0101,0.7589,0.2827,-0.0040,1.4881,0.2757,10555.1634,0.0034,0.000804168667511321,1.0101944165997665
2022-12-09 00:00:00+05:30,17422.9900,1058.2900,16364.7000,16602.3600,10000.0000,0.0000,-237.6600,7660.6500,7422.9900,17422.9900,0.0000,0.0000,-166.2000,0.9400,0.9400,16364.7000,16364.7000,16364.7000,0.0000,1,0,-0.0094,0.7423,0.2823,-0.0135,1.3574,0.2766,10486.4661,-0.0065,0.0008019379576203333,1.017115767291175
2022-12-12 00:00:00+05:30,17318.2900,1058.2900,16260.0000,16602.3600,10000.0000,0.0000,-342.3600,7660.6500,7318.2900,17318.2900,0.0000,0.0000,-104.7000,0.9400,0.9400,16260.0000,16260.0000,16260.0000,0.0000,1,0,-0.0060,0.7318,0.2818,-0.0194,1.2828,0.2770,10487.2883,0.0001,0.0008104611419704509,1.0272879287081143
2022-12-13 00:00:00+05:30,17288.8900,1058.2900,16230.6000,16602.3600,10000.0000,0.0000,-371.7600,7660.6500,7288.8900,17288.8900,0.0000,0.0000,-29.4000,0.9400,0.9400,16230.6000,16230.6000,16230.6000,0.0000,1,0,-0.0017,0.7289,0.2812,-0.0211,1.2736,0.2770,10543.7941,0.0054,0.0008347458040124315,1.0341399604153463
2022-12-14 00:00:00+05:30,17153.2900,1058.2900,16095.0000,16602.3600,10000.0000,0.0000,-507.3600,7660.6500,7153.2900,17153.2900,0.0000,0.0000,-135.6000,0.9400,0.9400,16095.0000,16095.0000,16095.0000,0.0000,1,0,-0.0078,0.7153,0.2807,-0.0287,1.1710,0.2776,10571.3808,0.0026,0.000620918305193781,1.030602734214795
2022-12-15 00:00:00+05:30,16661.2900,1058.2900,15603.0000,16602.3600,10000.0000,0.0000,-999.3600,7660.6500,6661.2900,16661.2900,0.0000,0.0000,-492.0000,0.9400,0.9400,15603.0000,15603.0000,15603.0000,0.0000,1,0,-0.0287,0.6661,0.2817,-0.0566,0.7372,0.2843,10433.4476,-0.0130,0.00023975467225189522,1.089753894093387
2022-12-16 00:00:00+05:30,16556.2900,1058.2900,15498.0000,16602.3600,10000.0000,0.0000,-1104.3600,7660.6500,6556.2900,16556.2900,0.0000,0.0000,-105.0000,0.9400,0.9400,15498.0000,15498.0000,15498.0000,0.0000,1,0,-0.0063,0.6556,0.2812,-0.0625,0.8347,0.2833,10359.9305,-0.0070,-9.661173007544641e-05,1.1714365854190079
2022-12-19 00:00:00+05:30,16940.2900,1058.2900,15882.0000,16602.3600,10000.0000,0.0000,-720.3600,7660.6500,6940.2900,16940.2900,0.0000,0.0000,384.0000,0.9400,0.9400,15882.0000,15882.0000,15882.0000,0.0000,1,0,0.0232,0.6940,0.2816,-0.0408,1.2608,0.2865,10448.4459,0.0085,0.00038528088863226076,1.213755788114024
2022-12-20 00:00:00+05:30,16981.0900,1058.2900,15922.8000,16602.3600,10000.0000,0.0000,-679.5600,7660.6500,6981.0900,16981.0900,0.0000,0.0000,40.8000,0.9400,0.9400,15922.8000,15922.8000,15922.8000,0.0000,1,0,0.0024,0.6981,0.2810,-0.0385,1.2960,0.2865,10425.5657,-0.0022,0.0007363845214535778,1.2484956840756691
2022-12-21 00:00:00+05:30,16486.6900,1058.2900,15428.4000,16602.3600,10000.0000,0.0000,-1173.9600,7660.6500,6486.6900,16486.6900,0.0000,0.0000,-494.4000,0.9400,0.9400,15428.4000,15428.4000,15428.4000,0.0000,1,0,-0.0291,0.6487,0.2820,-0.0665,0.7145,0.2927,10324.4619,-0.0097,0.0003492498517277553,1.2972040488135466
2022-12-22 00:00:00+05:30,16196.2900,1058.2900,15138.0000,16602.3600,10000.0000,0.0000,-1464.3600,7660.6500,6196.2900,16196.2900,0.0000,0.0000,-290.4000,0.9300,0.9300,15138.0000,15138.0000,15138.0000,0.0000,1,0,-0.0176,0.6196,0.2820,-0.0829,0.7568,0.2919,10271.8120,-0.0051,-0.00010192635912858485,1.3313728142388916
2022-12-23 00:00:00+05:30,15733.9900,1058.2900,14675.7000,16602.3600,10000.0000,0.0000,-1926.6600,7660.6500,5733.9900,15733.9900,0.0000,0.0000,-462.3000,0.9300,0.9300,14675.7000,14675.7000,14675.7000,0.0000,1,0,-0.0285,0.5734,0.2829,-0.1091,0.9584,0.2853,10107.0293,-0.0160,-0.0002800297106561599,1.371180069176491
2022-12-26 00:00:00+05:30,16226.2900,1058.2900,15168.0000,16602.3600,10000.0000,0.0000,-1434.3600,7660.6500,6226.2900,16226.2900,0.0000,0.0000,492.3000,0.9300,0.9300,15168.0000,15168.0000,15168.0000,0.0000,1,0,0.0313,0.6226,0.2841,-0.0812,1.6573,0.2892,10212.2158,0.0104,0.0003121189083290963,1.3337199582792345
2022-12-27 00:00:00+05:30,16188.1900,1058.2900,15129.9000,16602.3600,10000.0000,0.0000,-1472.4600,7660.6500,6188.1900,16188.1900,0.0000,0.0000,-38.1000,0.9300,0.9300,15129.9000,15129.9000,15129.9000,0.0000,1,0,-0.0023,0.6188,0.2835,-0.0834,1.6321,0.2892,10283.8900,0.0070,0.0004487503230768885,1.3139677905687055
2022-12-28 00:00:00+05:30,16202.2900,1058.2900,15144.0000,16602.3600,10000.0000,0.0000,-1458.3600,7660.6500,6202.2900,16202.2900,0.0000,0.0000,14.1000,0.9300,0.9300,15144.0000,15144.0000,15144.0000,0.0000,1,0,0.0009,0.6202,0.2829,-0.0826,1.4392,0.2880,10267.3891,-0.0016,0.00016737778915886263,1.369906476471022
2022-12-29 00:00:00+05:30,16142.2900,1058.2900,15084.0000,16602.3600,10000.0000,0.0000,-1518.3600,7660.6500,6142.2900,16142.2900,0.0000,0.0000,-60.0000,0.9300,0.9300,15084.0000,15084.0000,15084.0000,0.0000,1,0,-0.0037,0.6142,0.2823,-0.0860,1.1823,0.2870,10326.0780,0.0057,-0.00022196214783947441,1.35718963140196
2022-12-30 00:00:00+05:30,16278.1900,1058.2900,15219.9000,16602.3600,10000.0000,0.0000,-1382.4600,7660.6500,6278.1900,16278.1900,0.0000,0.0000,135.9000,0.9300,0.9300,15219.9000,15219.9000,15219.9000,0.0000,1,0,0.0084,0.6278,0.2819,-0.0783,1.6832,0.2825,10273.1446,-0.0051,0.00014443732783363727,1.3589470909308259
